/*******************************************************************************
 * Size: 14 px
 * Bpp: 1
 * Opts: 
 ******************************************************************************/

#ifdef LV_LVGL_H_INCLUDE_SIMPLE
#include "lvgl/lvgl.h"
#else
#include "lvgl/lvgl.h"
#endif

#ifndef FONT_MICROSOFTYAHEI_14
#define FONT_MICROSOFTYAHEI_14 1
#endif

#if FONT_MICROSOFTYAHEI_14

/*-----------------
 *    BITMAPS
 *----------------*/

/*Store the image of the glyphs*/
static LV_ATTRIBUTE_LARGE_CONST const uint8_t glyph_bitmap[] = {
    /* U+0020 " " */
    0x0,

    /* U+0021 "!" */
    0xff, 0x60,

    /* U+0022 "\"" */
    0xb6, 0x80,

    /* U+0027 "'" */
    0xe0,

    /* U+0028 "(" */
    0x29, 0x69, 0x24, 0x91, 0x26, 0x40,

    /* U+0029 ")" */
    0x89, 0x32, 0x49, 0x25, 0x2d, 0x0,

    /* U+002B "+" */
    0x10, 0x20, 0x47, 0xf1, 0x2, 0x4, 0x0,

    /* U+002C "," */
    0x56,

    /* U+002D "-" */
    0xf0,

    /* U+002E "." */
    0xf0,

    /* U+002F "/" */
    0x4, 0x30, 0x86, 0x10, 0x43, 0x8, 0x21, 0x4,
    0x30, 0x80,

    /* U+0030 "0" */
    0x38, 0x8a, 0x1c, 0x18, 0x30, 0x60, 0xc1, 0x82,
    0x88, 0xe0,

    /* U+0031 "1" */
    0x3e, 0x92, 0x49, 0x24, 0x80,

    /* U+0032 "2" */
    0x7a, 0x30, 0x41, 0xc, 0x23, 0x18, 0xc2, 0xf,
    0xc0,

    /* U+0033 "3" */
    0x78, 0x8, 0x10, 0x20, 0xc7, 0x1, 0x81, 0x3,
    0xf, 0xe0,

    /* U+0034 "4" */
    0x4, 0xc, 0x1c, 0x14, 0x24, 0x64, 0xc4, 0xff,
    0x4, 0x4, 0x4,

    /* U+0035 "5" */
    0x7d, 0x4, 0x10, 0x78, 0x30, 0x41, 0x6, 0x2f,
    0x0,

    /* U+0036 "6" */
    0x1e, 0xc1, 0x4, 0xb, 0xd8, 0xe0, 0xc1, 0x82,
    0x88, 0xe0,

    /* U+0037 "7" */
    0xfe, 0xc, 0x10, 0x60, 0x83, 0x4, 0x18, 0x30,
    0x40, 0x80,

    /* U+0038 "8" */
    0x38, 0x89, 0x12, 0x23, 0x88, 0xa0, 0xc1, 0x82,
    0x88, 0xe0,

    /* U+0039 "9" */
    0x38, 0x8a, 0xc, 0x18, 0x38, 0xde, 0x81, 0x4,
    0x1b, 0xe0,

    /* U+003A ":" */
    0xf0, 0xf,

    /* U+003F "?" */
    0x7a, 0x10, 0x43, 0x18, 0xc2, 0x8, 0x0, 0xc3,
    0x0,

    /* U+0041 "A" */
    0xc, 0x3, 0x1, 0xe0, 0x58, 0x12, 0xc, 0xc2,
    0x31, 0xfc, 0x61, 0x90, 0x2c, 0xc,

    /* U+0042 "B" */
    0xfa, 0x38, 0x61, 0x8b, 0xe8, 0xe1, 0x86, 0x3f,
    0x80,

    /* U+0043 "C" */
    0x1f, 0x20, 0x40, 0x80, 0x80, 0x80, 0x80, 0x80,
    0x40, 0x61, 0x1f,

    /* U+0044 "D" */
    0xf8, 0x86, 0x82, 0x81, 0x81, 0x81, 0x81, 0x81,
    0x82, 0x84, 0xf8,

    /* U+0045 "E" */
    0xfc, 0x21, 0x8, 0x7e, 0x10, 0x84, 0x3e,

    /* U+0046 "F" */
    0xfc, 0x21, 0x8, 0x7e, 0x10, 0x84, 0x20,

    /* U+0047 "G" */
    0x1f, 0x90, 0x50, 0x10, 0x8, 0x4, 0x3e, 0x3,
    0x1, 0x40, 0xb0, 0x47, 0xc0,

    /* U+0048 "H" */
    0x81, 0x81, 0x81, 0x81, 0x81, 0xff, 0x81, 0x81,
    0x81, 0x81, 0x81,

    /* U+0049 "I" */
    0xff, 0xe0,

    /* U+004A "J" */
    0x11, 0x11, 0x11, 0x11, 0x13, 0xe0,

    /* U+004B "K" */
    0x85, 0x1a, 0x65, 0x8a, 0x1c, 0x28, 0x58, 0x99,
    0x1a, 0x18,

    /* U+004C "L" */
    0x84, 0x21, 0x8, 0x42, 0x10, 0x84, 0x3e,

    /* U+004D "M" */
    0xc0, 0x78, 0xf, 0x83, 0xd0, 0x5b, 0x1b, 0x22,
    0x66, 0x4c, 0x59, 0x8a, 0x31, 0xc6, 0x10, 0x80,

    /* U+004E "N" */
    0xc1, 0xc1, 0xe1, 0xb1, 0x91, 0x99, 0x89, 0x85,
    0x87, 0x83, 0x83,

    /* U+004F "O" */
    0x1e, 0x18, 0x64, 0xa, 0x1, 0x80, 0x60, 0x18,
    0x6, 0x1, 0x40, 0x98, 0x61, 0xe0,

    /* U+0050 "P" */
    0xfa, 0x38, 0x61, 0x86, 0x2f, 0x20, 0x82, 0x8,
    0x0,

    /* U+0051 "Q" */
    0x1e, 0xc, 0x31, 0x2, 0x40, 0x28, 0x5, 0x0,
    0xa0, 0x14, 0x2, 0x40, 0x8c, 0x30, 0x7e, 0x0,
    0x60, 0x6,

    /* U+0052 "R" */
    0xf9, 0x1a, 0x14, 0x28, 0xde, 0x26, 0x44, 0x8d,
    0xa, 0x18,

    /* U+0053 "S" */
    0x7f, 0x18, 0x20, 0xe0, 0xc1, 0x81, 0x6, 0x1f,
    0x80,

    /* U+0054 "T" */
    0xfe, 0x20, 0x40, 0x81, 0x2, 0x4, 0x8, 0x10,
    0x20, 0x40,

    /* U+0055 "U" */
    0x81, 0x81, 0x81, 0x81, 0x81, 0x81, 0x81, 0x81,
    0x81, 0x42, 0x3c,

    /* U+0056 "V" */
    0xc0, 0xa0, 0xd0, 0x4c, 0x22, 0x31, 0x10, 0xc8,
    0x2c, 0x14, 0xe, 0x3, 0x0,

    /* U+0057 "W" */
    0xc3, 0xd, 0xc, 0x34, 0x38, 0x98, 0xe2, 0x66,
    0x98, 0x92, 0x62, 0x4d, 0xd, 0x14, 0x1c, 0x70,
    0x61, 0xc1, 0x86, 0x0,

    /* U+0058 "X" */
    0x41, 0x31, 0x88, 0x82, 0xc1, 0xc0, 0x60, 0x50,
    0x6c, 0x22, 0x31, 0xb0, 0x60,

    /* U+0059 "Y" */
    0x83, 0x8d, 0x13, 0x62, 0x85, 0x4, 0x8, 0x10,
    0x20, 0x40,

    /* U+005A "Z" */
    0x7f, 0x2, 0x6, 0x4, 0xc, 0x18, 0x10, 0x30,
    0x60, 0x60, 0xff,

    /* U+005B "[" */
    0xf2, 0x49, 0x24, 0x92, 0x4e,

    /* U+005C "\\" */
    0x83, 0x4, 0x10, 0x20, 0x83, 0x4, 0x10, 0x60,
    0x82, 0x4,

    /* U+005D "]" */
    0xe4, 0x92, 0x49, 0x24, 0x9e,

    /* U+005F "_" */
    0xfc,

    /* U+0061 "a" */
    0x78, 0x10, 0x4f, 0xc6, 0x18, 0xdd,

    /* U+0062 "b" */
    0x81, 0x2, 0x4, 0xb, 0xd8, 0xa0, 0xc1, 0x83,
    0x7, 0x15, 0xc0,

    /* U+0063 "c" */
    0x3d, 0x18, 0x20, 0x82, 0x4, 0x4f,

    /* U+0064 "d" */
    0x2, 0x4, 0x8, 0x13, 0xa8, 0xe0, 0xc1, 0x83,
    0x5, 0x1b, 0xd0,

    /* U+0065 "e" */
    0x3c, 0x8e, 0xf, 0xf8, 0x10, 0x10, 0x9e,

    /* U+0066 "f" */
    0x3a, 0x10, 0x8f, 0x21, 0x8, 0x42, 0x10, 0x80,

    /* U+0067 "g" */
    0x3a, 0x8e, 0xc, 0x18, 0x30, 0x51, 0xbd, 0x2,
    0x6, 0x17, 0xc0,

    /* U+0068 "h" */
    0x82, 0x8, 0x20, 0xbb, 0x38, 0x61, 0x86, 0x18,
    0x61,

    /* U+0069 "i" */
    0x8f, 0xf0,

    /* U+006A "j" */
    0x10, 0x0, 0x11, 0x11, 0x11, 0x11, 0x11, 0x3e,

    /* U+006B "k" */
    0x82, 0x8, 0x20, 0x8a, 0x6b, 0x38, 0xe2, 0xc9,
    0xa3,

    /* U+006C "l" */
    0xff, 0xf0,

    /* U+006D "m" */
    0xb9, 0xd9, 0xce, 0x10, 0xc2, 0x18, 0x43, 0x8,
    0x61, 0xc, 0x21,

    /* U+006E "n" */
    0xbb, 0x38, 0x61, 0x86, 0x18, 0x61,

    /* U+006F "o" */
    0x38, 0x8a, 0xc, 0x18, 0x30, 0x51, 0x1c,

    /* U+0070 "p" */
    0xbd, 0x8a, 0xc, 0x18, 0x30, 0x71, 0x5c, 0x81,
    0x2, 0x4, 0x0,

    /* U+0071 "q" */
    0x3a, 0x8e, 0xc, 0x18, 0x30, 0x51, 0xbd, 0x2,
    0x4, 0x8, 0x10,

    /* U+0072 "r" */
    0xbc, 0x88, 0x88, 0x88,

    /* U+0073 "s" */
    0x7c, 0x21, 0xc3, 0x84, 0x3e,

    /* U+0074 "t" */
    0x42, 0x3e, 0x84, 0x21, 0x8, 0x41, 0xc0,

    /* U+0075 "u" */
    0x86, 0x18, 0x61, 0x86, 0x1c, 0xdd,

    /* U+0076 "v" */
    0xc2, 0x8d, 0x13, 0x22, 0xc5, 0xe, 0x8,

    /* U+0077 "w" */
    0xc4, 0x68, 0xc9, 0x29, 0x25, 0x26, 0xac, 0x73,
    0xc, 0x61, 0x8c,

    /* U+0078 "x" */
    0x46, 0xc8, 0xa1, 0xc3, 0x85, 0x1b, 0x63,

    /* U+0079 "y" */
    0x87, 0x89, 0x12, 0x66, 0x85, 0xe, 0x18, 0x10,
    0x60, 0x86, 0x0,

    /* U+007A "z" */
    0xfc, 0x21, 0x84, 0x21, 0x84, 0x3f,

    /* U+00A0 " " */
    0x0,

    /* U+00A1 "¡" */
    0xf1, 0x55, 0x54,

    /* U+00AB "«" */
    0x6d, 0x69, 0x16, 0x6c,

    /* U+00BB "»" */
    0x91, 0x22, 0x52, 0x90,

    /* U+00BF "¿" */
    0x31, 0x80, 0x1, 0x8, 0x88, 0x84, 0x22, 0xf0,

    /* U+00C1 "Á" */
    0x6, 0x1, 0x0, 0x80, 0x0, 0xc, 0x3, 0x1,
    0xe0, 0x58, 0x12, 0xc, 0xc2, 0x31, 0xfc, 0x61,
    0x90, 0x2c, 0xc,

    /* U+00C9 "É" */
    0x11, 0x8, 0xf, 0xc2, 0x10, 0x87, 0xe1, 0x8,
    0x43, 0xe0,

    /* U+00CC "Ì" */
    0x94, 0x55, 0x55, 0x54,

    /* U+00D1 "Ñ" */
    0x32, 0x2c, 0x0, 0xc1, 0xc1, 0xe1, 0xb1, 0x91,
    0x99, 0x89, 0x85, 0x87, 0x83, 0x83,

    /* U+00D3 "Ó" */
    0x2, 0x1, 0x0, 0x80, 0x0, 0x1e, 0x18, 0x64,
    0xa, 0x1, 0x80, 0x60, 0x18, 0x6, 0x1, 0x40,
    0x98, 0x61, 0xe0,

    /* U+00D6 "Ö" */
    0x12, 0x0, 0x1, 0xe1, 0x86, 0x40, 0xa0, 0x18,
    0x6, 0x1, 0x80, 0x60, 0x14, 0x9, 0x86, 0x1e,
    0x0,

    /* U+00DF "ß" */
    0x7b, 0x18, 0x61, 0x8a, 0x48, 0xa1, 0x86, 0x18,
    0xee,

    /* U+00E0 "à" */
    0x20, 0xc1, 0x80, 0x78, 0x10, 0x4f, 0xc6, 0x18,
    0xdd,

    /* U+00E1 "á" */
    0x18, 0x42, 0x0, 0x78, 0x10, 0x4f, 0xc6, 0x18,
    0xdd,

    /* U+00E2 "â" */
    0x30, 0xa4, 0x80, 0x78, 0x10, 0x4f, 0xc6, 0x18,
    0xdd,

    /* U+00E4 "ä" */
    0x68, 0x0, 0x1e, 0x44, 0x13, 0xf1, 0x86, 0x37,
    0x40,

    /* U+00E7 "ç" */
    0x3d, 0x18, 0x20, 0x82, 0x4, 0x4f, 0x10, 0x60,
    0x8e,

    /* U+00E8 "è" */
    0x30, 0x20, 0x20, 0x3, 0xc8, 0xe0, 0xff, 0x81,
    0x1, 0x9, 0xe0,

    /* U+00E9 "é" */
    0x8, 0x30, 0xc0, 0x3, 0xc8, 0xe0, 0xff, 0x81,
    0x1, 0x9, 0xe0,

    /* U+00EA "ê" */
    0x18, 0x51, 0x10, 0x3, 0xc8, 0xe0, 0xff, 0x81,
    0x1, 0x9, 0xe0,

    /* U+00ED "í" */
    0x2a, 0x4, 0x92, 0x49, 0x20,

    /* U+00EE "î" */
    0x25, 0x90, 0x22, 0x22, 0x22, 0x22,

    /* U+00EF "ï" */
    0x90, 0x2, 0x22, 0x22, 0x22, 0x20,

    /* U+00F1 "ñ" */
    0x6a, 0x60, 0x2e, 0xce, 0x18, 0x61, 0x86, 0x18,
    0x40,

    /* U+00F2 "ò" */
    0x20, 0x20, 0x20, 0x3, 0x88, 0xa0, 0xc1, 0x83,
    0x5, 0x11, 0xc0,

    /* U+00F3 "ó" */
    0x8, 0x20, 0xc0, 0x3, 0x88, 0xa0, 0xc1, 0x83,
    0x5, 0x11, 0xc0,

    /* U+00F4 "ô" */
    0x10, 0x51, 0x10, 0x3, 0x88, 0xa0, 0xc1, 0x83,
    0x5, 0x11, 0xc0,

    /* U+00F6 "ö" */
    0x24, 0x0, 0x1, 0xc4, 0x50, 0x60, 0xc1, 0x82,
    0x88, 0xe0,

    /* U+00F9 "ù" */
    0x60, 0x81, 0x0, 0x86, 0x18, 0x61, 0x86, 0x1c,
    0xdd,

    /* U+00FA "ú" */
    0x18, 0x42, 0x0, 0x86, 0x18, 0x61, 0x86, 0x1c,
    0xdd,

    /* U+00FB "û" */
    0x31, 0x24, 0x80, 0x86, 0x18, 0x61, 0x86, 0x1c,
    0xdd,

    /* U+00FC "ü" */
    0x48, 0x0, 0x21, 0x86, 0x18, 0x61, 0x87, 0x37,
    0x40,

    /* U+0410 "А" */
    0xc, 0x3, 0x1, 0xe0, 0x58, 0x12, 0xc, 0xc2,
    0x31, 0xfc, 0x61, 0x90, 0x2c, 0xc,

    /* U+0411 "Б" */
    0xfd, 0x2, 0x4, 0x8, 0x1f, 0xa1, 0xc1, 0x83,
    0xf, 0xf0,

    /* U+0412 "В" */
    0xfa, 0x38, 0x61, 0x8b, 0xe8, 0xe1, 0x86, 0x3f,
    0x80,

    /* U+0413 "Г" */
    0xfc, 0x21, 0x8, 0x42, 0x10, 0x84, 0x20,

    /* U+0414 "Д" */
    0x1f, 0x4, 0x41, 0x10, 0x44, 0x31, 0x8, 0x42,
    0x10, 0x84, 0x61, 0x10, 0x4f, 0xfe, 0x1, 0x80,
    0x60, 0x10,

    /* U+0415 "Е" */
    0xfc, 0x21, 0x8, 0x7e, 0x10, 0x84, 0x3e,

    /* U+0417 "З" */
    0xf9, 0x18, 0x10, 0x20, 0xcf, 0x1, 0x81, 0x3,
    0xf, 0xe0,

    /* U+0418 "И" */
    0x83, 0x83, 0x87, 0x8d, 0x89, 0x99, 0x91, 0xa1,
    0xe1, 0xc1, 0xc1,

    /* U+0419 "Й" */
    0x24, 0x38, 0x0, 0x83, 0x83, 0x87, 0x8d, 0x89,
    0x99, 0x91, 0xa1, 0xe1, 0xc1, 0xc1,

    /* U+041A "К" */
    0x85, 0x1a, 0x65, 0x8a, 0x1c, 0x28, 0x58, 0x99,
    0x1a, 0x18,

    /* U+041B "Л" */
    0x1f, 0x11, 0x11, 0x11, 0x31, 0x31, 0x21, 0x21,
    0x21, 0x61, 0xc1,

    /* U+041C "М" */
    0xc0, 0x78, 0xf, 0x83, 0xd0, 0x5b, 0x1b, 0x22,
    0x66, 0x4c, 0x59, 0x8a, 0x31, 0xc6, 0x10, 0x80,

    /* U+041D "Н" */
    0x81, 0x81, 0x81, 0x81, 0x81, 0xff, 0x81, 0x81,
    0x81, 0x81, 0x81,

    /* U+041E "О" */
    0x1e, 0x18, 0x64, 0xa, 0x1, 0x80, 0x60, 0x18,
    0x6, 0x1, 0x40, 0x98, 0x61, 0xe0,

    /* U+041F "П" */
    0xff, 0x81, 0x81, 0x81, 0x81, 0x81, 0x81, 0x81,
    0x81, 0x81, 0x81,

    /* U+0420 "Р" */
    0xfa, 0x38, 0x61, 0x86, 0x2f, 0x20, 0x82, 0x8,
    0x0,

    /* U+0421 "С" */
    0x1f, 0x20, 0x40, 0x80, 0x80, 0x80, 0x80, 0x80,
    0x40, 0x61, 0x1f,

    /* U+0422 "Т" */
    0xfe, 0x20, 0x40, 0x81, 0x2, 0x4, 0x8, 0x10,
    0x20, 0x40,

    /* U+0423 "У" */
    0xc3, 0xc2, 0x42, 0x66, 0x24, 0x3c, 0x18, 0x18,
    0x10, 0x30, 0xe0,

    /* U+0424 "Ф" */
    0x8, 0xf, 0xc4, 0x9a, 0x21, 0x88, 0x62, 0x18,
    0x85, 0x26, 0x3f, 0x2, 0x0, 0x80,

    /* U+0425 "Х" */
    0x41, 0x31, 0x88, 0x82, 0xc1, 0xc0, 0x60, 0x50,
    0x6c, 0x22, 0x31, 0xb0, 0x60,

    /* U+0426 "Ц" */
    0x81, 0x40, 0xa0, 0x50, 0x28, 0x14, 0xa, 0x5,
    0x2, 0x81, 0x40, 0xbf, 0xe0, 0x10, 0x8, 0x4,

    /* U+0427 "Ч" */
    0x83, 0x6, 0xc, 0x18, 0x30, 0xde, 0x81, 0x2,
    0x4, 0x8,

    /* U+0428 "Ш" */
    0x84, 0x30, 0x86, 0x10, 0xc2, 0x18, 0x43, 0x8,
    0x61, 0xc, 0x21, 0x84, 0x30, 0x87, 0xff, 0x80,

    /* U+0429 "Щ" */
    0x84, 0x14, 0x20, 0xa1, 0x5, 0x8, 0x28, 0x41,
    0x42, 0xa, 0x10, 0x50, 0x82, 0x84, 0x14, 0x20,
    0xbf, 0xfe, 0x0, 0x10, 0x0, 0x80, 0x4,

    /* U+042B "Ы" */
    0x80, 0xc0, 0x60, 0x30, 0x18, 0xf, 0xc6, 0x33,
    0x9, 0x84, 0xc6, 0x7e, 0x20,

    /* U+042D "Э" */
    0xf8, 0x6, 0x2, 0x3, 0x3, 0x3f, 0x3, 0x3,
    0x2, 0x6, 0xf8,

    /* U+042E "Ю" */
    0x81, 0xe4, 0x31, 0xa1, 0x5, 0x10, 0x18, 0x80,
    0xfc, 0x6, 0x20, 0x31, 0x1, 0x8c, 0x14, 0x31,
    0xa0, 0xf0,

    /* U+042F "Я" */
    0x3e, 0xc5, 0xa, 0x16, 0x27, 0xcc, 0x91, 0x62,
    0x85, 0x8,

    /* U+0430 "а" */
    0x78, 0x10, 0x4f, 0xc6, 0x18, 0xdd,

    /* U+0431 "б" */
    0x4, 0x71, 0x4, 0xb, 0x98, 0xa0, 0xc1, 0x83,
    0x5, 0x11, 0xc0,

    /* U+0432 "в" */
    0xfa, 0x18, 0x7e, 0x86, 0x18, 0x7e,

    /* U+0433 "г" */
    0xf8, 0x88, 0x88, 0x88,

    /* U+0434 "д" */
    0x1e, 0x12, 0x12, 0x32, 0x22, 0x22, 0x62, 0xff,
    0x81, 0x81, 0x81,

    /* U+0435 "е" */
    0x3c, 0x8e, 0xf, 0xf8, 0x10, 0x10, 0x9e,

    /* U+0436 "ж" */
    0x44, 0x4c, 0x98, 0xd6, 0xf, 0x81, 0xf0, 0x6b,
    0x19, 0x36, 0x23,

    /* U+0437 "з" */
    0xf0, 0x42, 0xe0, 0x84, 0x3e,

    /* U+0438 "и" */
    0x86, 0x39, 0xe5, 0xa7, 0x9c, 0x61,

    /* U+0439 "й" */
    0x48, 0xc0, 0x21, 0x8e, 0x79, 0x6d, 0xa7, 0x1c,
    0x40,

    /* U+043A "к" */
    0x8a, 0x6b, 0x38, 0xe2, 0xc9, 0xa3,

    /* U+043B "л" */
    0x3c, 0x92, 0x49, 0x25, 0x94, 0x61,

    /* U+043C "м" */
    0xc3, 0xc3, 0xe3, 0xa5, 0xa5, 0xbd, 0x99, 0x99,

    /* U+043D "н" */
    0x86, 0x18, 0x7f, 0x86, 0x18, 0x61,

    /* U+043E "о" */
    0x38, 0x8a, 0xc, 0x18, 0x30, 0x51, 0x1c,

    /* U+043F "п" */
    0xfe, 0x18, 0x61, 0x86, 0x18, 0x61,

    /* U+0440 "р" */
    0xbd, 0x8a, 0xc, 0x18, 0x30, 0x71, 0x5c, 0x81,
    0x2, 0x4, 0x0,

    /* U+0441 "с" */
    0x3d, 0x18, 0x20, 0x82, 0x4, 0x4f,

    /* U+0442 "т" */
    0xfc, 0x82, 0x8, 0x20, 0x82, 0x8,

    /* U+0443 "у" */
    0x87, 0x89, 0x12, 0x66, 0x85, 0xe, 0x18, 0x10,
    0x60, 0x86, 0x0,

    /* U+0444 "ф" */
    0x8, 0x4, 0x2, 0x7, 0xc4, 0x94, 0x46, 0x23,
    0x11, 0x88, 0xa4, 0x8f, 0x81, 0x0, 0x80, 0x40,
    0x20,

    /* U+0445 "х" */
    0x46, 0xc8, 0xa1, 0xc3, 0x85, 0x1b, 0x63,

    /* U+0446 "ц" */
    0x85, 0xa, 0x14, 0x28, 0x50, 0xa1, 0x7f, 0x2,
    0x4, 0x8,

    /* U+0447 "ч" */
    0x86, 0x18, 0x61, 0x8d, 0xf0, 0x41,

    /* U+0448 "ш" */
    0x88, 0xc4, 0x62, 0x31, 0x18, 0x8c, 0x46, 0x23,
    0xff,

    /* U+0449 "щ" */
    0x88, 0x51, 0xa, 0x21, 0x44, 0x28, 0x85, 0x10,
    0xa2, 0x17, 0xff, 0x0, 0x20, 0x4, 0x0, 0x80,

    /* U+044A "ъ" */
    0xe0, 0x20, 0x20, 0x3e, 0x21, 0x21, 0x21, 0x3e,

    /* U+044B "ы" */
    0x81, 0x81, 0x81, 0xf9, 0x85, 0x85, 0x85, 0xf9,

    /* U+044C "ь" */
    0x82, 0x8, 0x3e, 0x86, 0x18, 0x7e,

    /* U+044D "э" */
    0xe0, 0x82, 0xf0, 0x84, 0x5e,

    /* U+044E "ю" */
    0x87, 0xa3, 0x28, 0x87, 0xe1, 0x88, 0x62, 0x18,
    0xca, 0x1e,

    /* U+044F "я" */
    0x3d, 0x14, 0x51, 0x3c, 0x96, 0x51,

    /* U+2019 "’" */
    0xe8,

    /* U+201C "“" */
    0x55, 0x90,

    /* U+201D "”" */
    0xd9, 0xa0,

    /* U+201E "„" */
    0x9a, 0xa0,

    /* U+2026 "…" */
    0x8c, 0xe3, 0x30,

    /* U+3001 "、" */
    0xcc, 0x80,

    /* U+3002 "。" */
    0x56, 0xb0,

    /* U+300C "「" */
    0xf8, 0x88, 0x88, 0x88, 0x88, 0x88, 0x88,

    /* U+300D "」" */
    0x11, 0x11, 0x11, 0x11, 0x11, 0x11, 0x1f,

    /* U+3042 "あ" */
    0x10, 0x2, 0x11, 0xfe, 0x8, 0x1, 0x30, 0x3f,
    0x1c, 0x92, 0xa1, 0x9c, 0x33, 0xf, 0xaf, 0x1,
    0x0,

    /* U+3044 "い" */
    0x0, 0x8, 0x3, 0x2, 0x40, 0x48, 0xd, 0x0,
    0xa0, 0x14, 0xc3, 0x90, 0xc, 0x0,

    /* U+3046 "う" */
    0x7e, 0x0, 0x0, 0x3e, 0xc3, 0x1, 0x1, 0x1,
    0x2, 0x4, 0x18, 0x0,

    /* U+3048 "え" */
    0x3e, 0x0, 0x0, 0xc, 0x3f, 0x80, 0x60, 0x18,
    0x7, 0x81, 0x90, 0x62, 0x18, 0x7c,

    /* U+304A "お" */
    0x10, 0x2, 0x0, 0x5b, 0x3c, 0x31, 0x2, 0x3f,
    0xc, 0x32, 0x81, 0x90, 0x32, 0x86, 0x59, 0xb1,
    0xe0,

    /* U+304B "か" */
    0x0, 0x1, 0x80, 0x10, 0x1, 0x8, 0xfc, 0x82,
    0x24, 0x22, 0x66, 0x22, 0x42, 0xd, 0x20, 0x8c,
    0x0,

    /* U+304C "が" */
    0x0, 0x1, 0x83, 0x10, 0x51, 0xa, 0xfc, 0x82,
    0x24, 0x22, 0x66, 0x22, 0x42, 0xd, 0x20, 0x8c,
    0x0,

    /* U+304D "き" */
    0x8, 0x2, 0x0, 0xb3, 0xf0, 0x4, 0xff, 0xc0,
    0x30, 0xfe, 0x60, 0x90, 0x6, 0x0, 0xfc,

    /* U+304E "ぎ" */
    0x8, 0x41, 0x14, 0x2d, 0x7e, 0x0, 0x4d, 0xfe,
    0x0, 0xc1, 0xfc, 0x60, 0x88, 0x1, 0x80, 0x1f,
    0x80,

    /* U+304F "く" */
    0x6, 0x18, 0x60, 0x82, 0x8, 0x10, 0x30, 0x10,
    0x10, 0x10, 0x30,

    /* U+3050 "ぐ" */
    0x6, 0x3, 0x41, 0x88, 0x44, 0x20, 0x10, 0x4,
    0x1, 0x80, 0x10, 0x2, 0x0, 0x40, 0x18,

    /* U+3051 "け" */
    0x1, 0x10, 0x22, 0x4, 0x40, 0xf9, 0xf9, 0x2,
    0x20, 0x44, 0x8, 0x81, 0x10, 0x62, 0x8, 0x3,
    0x0,

    /* U+3053 "こ" */
    0x7f, 0x0, 0x0, 0x0, 0x0, 0x4, 0x2, 0x1,
    0x0, 0x7f, 0x80,

    /* U+3055 "さ" */
    0x0, 0x4, 0x1, 0x8c, 0x3c, 0xf4, 0x1, 0x80,
    0x30, 0x7e, 0x60, 0x10, 0x4, 0x0, 0xfc,

    /* U+3057 "し" */
    0x80, 0x80, 0x80, 0x80, 0x80, 0x80, 0x80, 0x81,
    0x83, 0xc6, 0x78,

    /* U+3058 "じ" */
    0x84, 0x8a, 0x84, 0x80, 0x80, 0x80, 0x80, 0x81,
    0x83, 0xc6, 0x78,

    /* U+3059 "す" */
    0x1, 0x0, 0x8, 0x0, 0x40, 0x2, 0xf, 0xff,
    0x80, 0x80, 0x3c, 0x2, 0x20, 0x11, 0x0, 0x78,
    0x0, 0x40, 0x4, 0x0, 0xc0, 0x4, 0x0,

    /* U+305A "ず" */
    0x1, 0x50, 0xa, 0x80, 0x4a, 0x2, 0xf, 0xff,
    0x80, 0x80, 0x3c, 0x2, 0x20, 0x11, 0x0, 0x78,
    0x0, 0x40, 0x4, 0x0, 0xc0, 0x4, 0x0,

    /* U+305B "せ" */
    0x10, 0x81, 0x8, 0x10, 0x8f, 0xff, 0x10, 0x81,
    0x8, 0x10, 0x81, 0x30, 0x10, 0x1, 0x0, 0xf,
    0xc0,

    /* U+305F "た" */
    0x8, 0x0, 0x80, 0x18, 0xf, 0xe0, 0x10, 0x1,
    0x1e, 0x12, 0x2, 0x0, 0x20, 0x2, 0x0, 0x46,
    0x4, 0x3f,

    /* U+3060 "だ" */
    0x8, 0x0, 0x82, 0x18, 0x4f, 0xe0, 0x10, 0x1,
    0x1e, 0x12, 0x2, 0x0, 0x20, 0x2, 0x0, 0x46,
    0x4, 0x3f,

    /* U+3061 "ち" */
    0x8, 0x2, 0x1, 0x3, 0xff, 0x10, 0xc, 0x2,
    0xf8, 0xc3, 0x20, 0x40, 0x10, 0x8, 0x3c,

    /* U+3063 "っ" */
    0x1f, 0x70, 0xc0, 0x20, 0x10, 0x8, 0x18, 0x78,

    /* U+3064 "つ" */
    0x1f, 0x8e, 0xa, 0x0, 0x80, 0x10, 0x2, 0x0,
    0x40, 0x10, 0xe, 0x1f, 0x0,

    /* U+3066 "て" */
    0xff, 0xe0, 0xc0, 0x30, 0xc, 0x1, 0x0, 0x20,
    0x4, 0x0, 0xc0, 0xe, 0x0, 0x70,

    /* U+3067 "で" */
    0xff, 0xe0, 0xc0, 0x31, 0xc, 0x51, 0xc, 0x20,
    0x4, 0x0, 0xc0, 0xe, 0x0, 0x70,

    /* U+3068 "と" */
    0x10, 0x8, 0x4, 0x2, 0x1, 0x18, 0xf0, 0xc0,
    0x80, 0x80, 0x40, 0x30, 0x7, 0xf0,

    /* U+3069 "ど" */
    0x10, 0x2, 0x8, 0x46, 0x8, 0x41, 0x18, 0x3c,
    0xc, 0x2, 0x0, 0x80, 0x10, 0x3, 0x0, 0x1f,
    0xc0,

    /* U+306A "な" */
    0x8, 0x3, 0x0, 0x40, 0x7e, 0xe2, 0x2, 0x42,
    0x10, 0x42, 0x8, 0x8f, 0x2, 0x38, 0x44, 0x87,
    0x0,

    /* U+306B "に" */
    0x40, 0x18, 0x2, 0x3f, 0x40, 0x8, 0x1, 0x0,
    0x20, 0x4, 0x0, 0x98, 0x10, 0xfe, 0x0, 0x0,

    /* U+306E "の" */
    0xf, 0x7, 0x99, 0x91, 0x62, 0x18, 0x83, 0x10,
    0x62, 0xc, 0x42, 0xd0, 0xce, 0x30, 0x0, 0x0,

    /* U+306F "は" */
    0x1, 0x8, 0x22, 0x4, 0x4f, 0xf8, 0x11, 0x2,
    0x20, 0x44, 0x8, 0x9f, 0x12, 0x3e, 0x38, 0x0,

    /* U+3076 "ぶ" */
    0x0, 0x41, 0xca, 0x6, 0x40, 0x0, 0x18, 0x1,
    0x80, 0xe, 0x40, 0x26, 0x21, 0x34, 0x11, 0x91,
    0x0, 0xe0,

    /* U+3078 "へ" */
    0xc, 0x1, 0x20, 0x61, 0xc, 0xc, 0x0, 0x60,
    0x1,

    /* U+307B "ほ" */
    0x5f, 0xe8, 0x10, 0x81, 0x9, 0xfe, 0x81, 0x8,
    0x10, 0x81, 0x8, 0xf0, 0x91, 0xe8, 0xe0,

    /* U+307E "ま" */
    0x4, 0x0, 0x83, 0xff, 0x82, 0x0, 0x40, 0xff,
    0x81, 0x0, 0x20, 0x3c, 0x8, 0xf1, 0x13, 0x1c,
    0x0,

    /* U+307F "み" */
    0x6, 0x3, 0xe0, 0x4, 0x0, 0x44, 0xc, 0x43,
    0xe4, 0x49, 0xc9, 0xb, 0x90, 0x96, 0x10, 0x3,
    0x0, 0x20,

    /* U+3081 "め" */
    0x2, 0x8, 0x41, 0x88, 0x17, 0xc3, 0x4c, 0xc8,
    0xf5, 0xc, 0xc1, 0x88, 0x33, 0x9, 0x86, 0x0,
    0x0,

    /* U+3082 "も" */
    0x10, 0x4, 0x1, 0x1, 0xf8, 0x10, 0x4, 0xf,
    0xe2, 0x41, 0x10, 0x44, 0x11, 0x8c, 0x3e,

    /* U+3084 "や" */
    0x2, 0x2, 0x20, 0x22, 0x3, 0x3e, 0x1c, 0x1f,
    0x1, 0x12, 0x10, 0x9e, 0x8, 0x0, 0x80, 0x4,
    0x0, 0x40,

    /* U+3089 "ら" */
    0x70, 0xe, 0x0, 0x8, 0xc, 0x6, 0xfa, 0xc7,
    0x81, 0x80, 0x80, 0x40, 0xc3, 0x80,

    /* U+308A "り" */
    0xc3, 0x6, 0xc, 0x18, 0x32, 0x6c, 0xf1, 0x4,
    0x8, 0x21, 0x80,

    /* U+308B "る" */
    0x3f, 0x1, 0x80, 0xc0, 0x7c, 0x30, 0x90, 0x19,
    0x84, 0x91, 0x24, 0xcc, 0xe1, 0xf0,

    /* U+308C "れ" */
    0x10, 0x0, 0x80, 0x4, 0x0, 0x77, 0xd, 0x48,
    0xc, 0x40, 0xc2, 0xe, 0x10, 0x50, 0x94, 0x84,
    0x84, 0x18, 0x20, 0x0,

    /* U+3092 "を" */
    0x8, 0x6, 0xf, 0xf0, 0xc0, 0x20, 0x1f, 0x1e,
    0x7a, 0x30, 0x34, 0x11, 0x4, 0x0, 0xfe,

    /* U+3093 "ん" */
    0x4, 0x0, 0x40, 0xc, 0x0, 0x80, 0x18, 0x1,
    0x0, 0x2c, 0x13, 0x23, 0x62, 0x24, 0x26, 0x81,
    0xc0,

    /* U+30A1 "ァ" */
    0xff, 0x80, 0xc2, 0xc1, 0x40, 0x80, 0xc0, 0x40,
    0x40, 0x0, 0x0,

    /* U+30A2 "ア" */
    0xff, 0xe0, 0xc, 0x13, 0x2, 0xc0, 0x70, 0x8,
    0x3, 0x0, 0x40, 0x18, 0x6, 0x0, 0x0, 0x0,

    /* U+30A3 "ィ" */
    0x2, 0x8, 0x31, 0xc6, 0x91, 0x2, 0x4, 0x8,

    /* U+30A4 "イ" */
    0x0, 0x40, 0x30, 0x18, 0xc, 0x6, 0x6, 0x87,
    0x21, 0x8, 0x2, 0x0, 0x80, 0x20, 0x8,

    /* U+30A5 "ゥ" */
    0x10, 0x23, 0xfc, 0x18, 0x30, 0xc1, 0x6, 0x30,

    /* U+30A6 "ウ" */
    0x8, 0x4, 0x2, 0x1f, 0xf8, 0xc, 0x6, 0x2,
    0x2, 0x1, 0x1, 0x1, 0x83, 0x0, 0x0,

    /* U+30A7 "ェ" */
    0x7f, 0x4, 0x2, 0x1, 0x0, 0x87, 0xfc,

    /* U+30A8 "エ" */
    0x7f, 0xc0, 0x80, 0x10, 0x2, 0x0, 0x40, 0x8,
    0x1, 0x7, 0xff,

    /* U+30AA "オ" */
    0x2, 0x0, 0x20, 0x2, 0xf, 0xff, 0x6, 0x0,
    0x60, 0xa, 0x1, 0x20, 0x22, 0xc, 0x20, 0x82,
    0x0, 0xe0,

    /* U+30AB "カ" */
    0x8, 0x2, 0x0, 0x83, 0xff, 0x8, 0x42, 0x10,
    0x84, 0x41, 0x30, 0x48, 0x2c, 0x38, 0x0,

    /* U+30AD "キ" */
    0x8, 0x0, 0x80, 0x5, 0x87, 0xf0, 0x4, 0x0,
    0x40, 0x7, 0xff, 0xe0, 0x2, 0x0, 0x20, 0x2,
    0x0, 0x20,

    /* U+30AF "ク" */
    0x8, 0x6, 0x1, 0xfc, 0xc2, 0x20, 0x90, 0x24,
    0x10, 0xc, 0x6, 0x3, 0x1, 0x80, 0x0,

    /* U+30B0 "グ" */
    0x0, 0x20, 0x8f, 0x18, 0x71, 0xfc, 0x30, 0x82,
    0x8, 0x40, 0x84, 0x10, 0x3, 0x0, 0x60, 0xc,
    0x1, 0x80, 0x0, 0x0,

    /* U+30B1 "ケ" */
    0x18, 0x2, 0x0, 0x40, 0x1f, 0xf2, 0x10, 0x82,
    0x30, 0x40, 0x18, 0x2, 0x0, 0x80, 0x30, 0x4,
    0x0,

    /* U+30B2 "ゲ" */
    0x18, 0x71, 0x5, 0x10, 0x3, 0xfe, 0x21, 0x4,
    0x10, 0xc1, 0x0, 0x30, 0x2, 0x0, 0x40, 0xc,
    0x0, 0x80,

    /* U+30B3 "コ" */
    0xff, 0x80, 0x40, 0x20, 0x10, 0x8, 0x7, 0xfe,
    0x1,

    /* U+30B5 "サ" */
    0x0, 0x81, 0x8, 0x10, 0x81, 0x8, 0xff, 0xf1,
    0x8, 0x10, 0x81, 0x18, 0x1, 0x0, 0x30, 0x6,
    0x0, 0xc0,

    /* U+30B6 "ザ" */
    0x0, 0x90, 0x87, 0xc4, 0x28, 0x21, 0xf, 0xff,
    0x8, 0x40, 0x42, 0x2, 0x30, 0x1, 0x0, 0x18,
    0x1, 0x80, 0x18, 0x0,

    /* U+30B7 "シ" */
    0x60, 0x4, 0x0, 0x2, 0x1, 0x60, 0x80, 0x60,
    0x30, 0x18, 0x1c, 0x1c, 0x0, 0x0,

    /* U+30B8 "ジ" */
    0x1, 0x98, 0xa1, 0x10, 0x0, 0x80, 0x58, 0x20,
    0x18, 0xc, 0x6, 0x7, 0x7, 0x0, 0x0,

    /* U+30B9 "ス" */
    0x7f, 0x80, 0x30, 0x4, 0x1, 0x80, 0x60, 0x1e,
    0x6, 0x61, 0x86, 0xc0, 0x70, 0x4,

    /* U+30BA "ズ" */
    0x0, 0x20, 0x5, 0x7f, 0xa0, 0x18, 0x1, 0x0,
    0x30, 0x6, 0x0, 0xf0, 0x19, 0x83, 0xc, 0xc0,
    0x68, 0x2,

    /* U+30BB "セ" */
    0x8, 0x1, 0x0, 0x20, 0x4, 0xff, 0xe6, 0x10,
    0x82, 0x20, 0x40, 0x8, 0x1, 0x0, 0x3f, 0x80,

    /* U+30BD "ソ" */
    0x80, 0xc0, 0xd0, 0x48, 0x20, 0x10, 0x10, 0x18,
    0x18, 0x18, 0x10, 0x0,

    /* U+30BF "タ" */
    0x10, 0x8, 0xf, 0xe4, 0x24, 0x16, 0xda, 0x38,
    0xc, 0xd, 0xc, 0xc, 0x8, 0x0,

    /* U+30C0 "ダ" */
    0x10, 0xc2, 0x14, 0xff, 0x10, 0x84, 0x11, 0xb6,
    0x23, 0x80, 0x30, 0xd, 0x3, 0x0, 0xc0, 0x20,
    0x0,

    /* U+30C3 "ッ" */
    0x0, 0x91, 0xd9, 0x41, 0x2, 0x2, 0x4, 0x38,
    0x20,

    /* U+30C4 "ツ" */
    0x8, 0x21, 0x5, 0x11, 0xb2, 0x22, 0x4, 0x1,
    0x80, 0x20, 0xc, 0x3, 0x1, 0x80, 0x40, 0x0,

    /* U+30C6 "テ" */
    0x3f, 0xc0, 0x0, 0x0, 0xf, 0xff, 0x2, 0x0,
    0x20, 0x6, 0x0, 0x40, 0xc, 0x0, 0x80, 0x0,
    0x0,

    /* U+30C7 "デ" */
    0x0, 0x0, 0x2, 0x8f, 0xea, 0x0, 0x0, 0x0,
    0x7f, 0xf8, 0x8, 0x0, 0x40, 0x6, 0x0, 0x20,
    0x3, 0x0, 0x10, 0x0, 0x0, 0x0,

    /* U+30C8 "ト" */
    0x81, 0x2, 0x4, 0xc, 0x16, 0x23, 0x42, 0x81,
    0x2, 0x4, 0x0,

    /* U+30C9 "ド" */
    0x85, 0xe, 0x2c, 0xc, 0x16, 0x23, 0x42, 0x81,
    0x2, 0x4, 0x0,

    /* U+30CA "ナ" */
    0x2, 0x0, 0x20, 0x2, 0x0, 0x20, 0xff, 0xf0,
    0x20, 0x2, 0x0, 0x60, 0x4, 0x0, 0x40, 0x8,
    0x1, 0x80, 0x0, 0x0,

    /* U+30CB "ニ" */
    0x7f, 0xc0, 0x0, 0x0, 0x0, 0x0, 0x0, 0x0,
    0x0, 0x7, 0xff,

    /* U+30CD "ネ" */
    0x4, 0x0, 0x40, 0x7f, 0x80, 0x18, 0x3, 0x0,
    0x60, 0x1d, 0x87, 0x46, 0xc4, 0x20, 0x40, 0x4,
    0x0, 0x40,

    /* U+30D0 "バ" */
    0x0, 0x20, 0x5, 0x1, 0x61, 0x18, 0x10, 0x82,
    0x4, 0x20, 0x44, 0x2, 0xc0, 0x20, 0x0,

    /* U+30D1 "パ" */
    0x0, 0x70, 0x5, 0x19, 0x71, 0x8, 0x10, 0x82,
    0x4, 0x60, 0x44, 0x2, 0xc0, 0x20, 0x0,

    /* U+30D3 "ビ" */
    0x0, 0xa0, 0xf8, 0x12, 0x0, 0xbf, 0x3c, 0x8,
    0x2, 0x0, 0x80, 0x20, 0xf, 0xf0,

    /* U+30D5 "フ" */
    0xff, 0x80, 0x40, 0x20, 0x30, 0x10, 0x18, 0x18,
    0x18, 0x70, 0x20, 0x0,

    /* U+30D6 "ブ" */
    0x0, 0xc0, 0x1f, 0xfc, 0x0, 0x80, 0x10, 0x6,
    0x0, 0x80, 0x10, 0x4, 0x1, 0x1, 0xc0, 0x20,
    0x0,

    /* U+30D7 "プ" */
    0x0, 0x30, 0x5, 0x0, 0x5f, 0xfa, 0x0, 0x80,
    0x8, 0x1, 0x80, 0x10, 0x3, 0x0, 0x20, 0xc,
    0x3, 0x80, 0x20, 0x0,

    /* U+30D8 "ヘ" */
    0xc, 0x1, 0x20, 0x21, 0x4, 0x8, 0x0, 0x60,
    0x3, 0x0, 0x0,

    /* U+30D9 "ベ" */
    0x0, 0x60, 0xb, 0xc, 0x41, 0x20, 0x21, 0x4,
    0x8, 0x0, 0x60, 0x3, 0x0, 0x0,

    /* U+30DA "ペ" */
    0x0, 0xe0, 0xa, 0xc, 0xe1, 0x20, 0x21, 0x6,
    0x8, 0xc0, 0x60, 0x3, 0x0, 0x10,

    /* U+30DB "ホ" */
    0x4, 0x0, 0x80, 0x10, 0x7f, 0xf0, 0x40, 0x48,
    0x9, 0x23, 0x26, 0x44, 0x50, 0x86, 0x10, 0x2,
    0x0,

    /* U+30DC "ボ" */
    0x4, 0x40, 0x94, 0x10, 0x7f, 0xf0, 0x40, 0x48,
    0x9, 0x23, 0x26, 0x44, 0x50, 0x86, 0x10, 0x2,
    0x0,

    /* U+30DD "ポ" */
    0x4, 0xc0, 0x94, 0x11, 0x7f, 0xf0, 0x40, 0x48,
    0x9, 0x23, 0x26, 0x44, 0x50, 0x86, 0x10, 0x2,
    0x0,

    /* U+30DE "マ" */
    0xff, 0xe0, 0xc, 0x3, 0x0, 0xc1, 0x30, 0x18,
    0x1, 0x80, 0x10, 0x1, 0x0,

    /* U+30DF "ミ" */
    0x78, 0xe, 0x0, 0x40, 0x7c, 0x6, 0x0, 0xe0,
    0x1e, 0x3,

    /* U+30E0 "ム" */
    0x6, 0x0, 0x40, 0x4, 0x0, 0xc0, 0x8, 0x0,
    0x80, 0x18, 0x81, 0x4, 0x30, 0x6f, 0xff, 0x0,
    0x10,

    /* U+30E1 "メ" */
    0x1, 0x0, 0x40, 0x10, 0x8c, 0x3a, 0x3, 0x80,
    0x70, 0x36, 0x18, 0xc, 0xc, 0x0, 0x0,

    /* U+30E2 "モ" */
    0x7f, 0xc0, 0x40, 0x4, 0x0, 0x40, 0xff, 0xf0,
    0x40, 0x4, 0x0, 0x40, 0x4, 0x0, 0x7e,

    /* U+30E3 "ャ" */
    0x10, 0x8, 0x47, 0xff, 0x30, 0xb0, 0x40, 0x30,
    0x8, 0x4, 0x0,

    /* U+30E4 "ヤ" */
    0x10, 0x1, 0x80, 0x8, 0x0, 0xff, 0xf8, 0x20,
    0xc4, 0x4, 0x80, 0x40, 0x4, 0x0, 0x60, 0x2,
    0x0, 0x20,

    /* U+30E5 "ュ" */
    0x3e, 0x1, 0x0, 0x80, 0x40, 0x27, 0xfc,

    /* U+30E6 "ユ" */
    0x1f, 0xc0, 0x2, 0x0, 0x10, 0x0, 0x80, 0x4,
    0x0, 0x20, 0x1, 0x1f, 0xff,

    /* U+30E7 "ョ" */
    0xfc, 0x10, 0x7f, 0x4, 0x1f, 0xc1,

    /* U+30E9 "ラ" */
    0x7f, 0x80, 0x0, 0x3, 0xff, 0x0, 0x40, 0x20,
    0x8, 0x4, 0x3, 0x3, 0x81, 0x80,

    /* U+30EA "リ" */
    0x83, 0x6, 0xc, 0x18, 0x30, 0x60, 0x81, 0x4,
    0x18, 0xe1, 0x0,

    /* U+30EB "ル" */
    0x12, 0x1, 0x20, 0x12, 0x1, 0x20, 0x12, 0x1,
    0x21, 0x32, 0x32, 0x2c, 0x63, 0x8c, 0x20,

    /* U+30EC "レ" */
    0x80, 0x40, 0x20, 0x10, 0x8, 0xc, 0xa, 0x9,
    0x18, 0xf0, 0x60, 0x0,

    /* U+30ED "ロ" */
    0xff, 0x81, 0x81, 0x81, 0x81, 0x81, 0x81, 0xff,
    0x81,

    /* U+30EF "ワ" */
    0xff, 0xc0, 0x60, 0x30, 0x18, 0x8, 0x8, 0x4,
    0x4, 0x4, 0xc, 0x0, 0x0,

    /* U+30F3 "ン" */
    0xc0, 0x18, 0x3, 0x4, 0x1, 0x0, 0x80, 0x60,
    0x30, 0x18, 0x38, 0x30, 0x0,

    /* U+30FC "ー" */
    0xff, 0xe0,

    /* U+4E00 "一" */
    0xff, 0xfc,

    /* U+4E0A "上" */
    0x2, 0x0, 0x10, 0x0, 0x80, 0x4, 0x0, 0x20,
    0x1, 0xfc, 0x8, 0x0, 0x40, 0x2, 0x0, 0x10,
    0x0, 0x80, 0x4, 0xf, 0xff, 0x80,

    /* U+4E0B "下" */
    0xff, 0xf8, 0x30, 0x1, 0x80, 0xe, 0x0, 0x78,
    0x3, 0x30, 0x18, 0xc0, 0xc0, 0x6, 0x0, 0x30,
    0x1, 0x80, 0xc, 0x0,

    /* U+4E0D "不" */
    0xff, 0xf8, 0x18, 0x0, 0x80, 0xc, 0x0, 0xe8,
    0xd, 0x60, 0xc8, 0xdc, 0x43, 0x82, 0x0, 0x10,
    0x0, 0x80, 0x4, 0x0,

    /* U+4E0E "与" */
    0x10, 0x1, 0x80, 0xc, 0x0, 0x7f, 0xf2, 0x0,
    0x10, 0x0, 0xff, 0xc0, 0x2, 0x0, 0x17, 0xfe,
    0x80, 0x4, 0x0, 0x20, 0x3, 0x1, 0xf0,

    /* U+4E13 "专" */
    0x4, 0x0, 0x20, 0x1f, 0xfc, 0x10, 0x0, 0x80,
    0x7f, 0xfc, 0x40, 0x2, 0x0, 0x1f, 0xe0, 0x3,
    0x6, 0x30, 0x1f, 0x0, 0x38, 0x0, 0x40,

    /* U+4E2A "个" */
    0x2, 0x0, 0x38, 0x3, 0x40, 0x31, 0x3, 0x6,
    0x31, 0x1e, 0x8, 0x20, 0x40, 0x2, 0x0, 0x10,
    0x0, 0x80, 0x4, 0x0, 0x20, 0x0,

    /* U+4E2D "中" */
    0x4, 0x0, 0x40, 0x4, 0xf, 0xff, 0x84, 0x18,
    0x41, 0x84, 0x18, 0x41, 0xff, 0xf0, 0x40, 0x4,
    0x0, 0x40, 0x4, 0x0, 0x40,

    /* U+4E3A "为" */
    0x44, 0x6, 0x40, 0x34, 0x0, 0x40, 0xff, 0xf0,
    0x41, 0x8, 0x10, 0xa1, 0x9, 0x91, 0x8d, 0x10,
    0x12, 0x1, 0x60, 0x3c, 0x3e, 0x0, 0x0,

    /* U+4E3B "主" */
    0x0, 0x0, 0x10, 0x0, 0x80, 0xff, 0xe0, 0x20,
    0x1, 0x0, 0x8, 0xf, 0xfe, 0x2, 0x0, 0x10,
    0x0, 0x80, 0x4, 0xf, 0xff, 0x80,

    /* U+4E50 "乐" */
    0x0, 0x23, 0xff, 0x90, 0x0, 0x80, 0x4, 0x20,
    0x21, 0x1, 0xff, 0xc0, 0x40, 0x12, 0x41, 0x93,
    0x18, 0x8c, 0x84, 0x28, 0x21, 0x8f, 0x0,

    /* U+4E66 "书" */
    0x2, 0x10, 0x8, 0x60, 0x20, 0xcf, 0xfc, 0x2,
    0x10, 0x8, 0x40, 0x21, 0x3f, 0xff, 0x2, 0x4,
    0x8, 0x10, 0x20, 0xc0, 0x9e, 0x2, 0x0, 0x8,
    0x0,

    /* U+4E8C "二" */
    0x7f, 0xf0, 0x0, 0x0, 0x0, 0x0, 0x0, 0x0,
    0x0, 0x0, 0x0, 0x0, 0x0, 0x0, 0x7, 0xff,
    0xc0,

    /* U+4E8E "于" */
    0x7f, 0xf0, 0x10, 0x0, 0x80, 0x4, 0x0, 0x20,
    0x7f, 0xfc, 0x8, 0x0, 0x40, 0x2, 0x0, 0x10,
    0x0, 0x80, 0x4, 0x1, 0xe0, 0x0,

    /* U+4E95 "井" */
    0x18, 0x40, 0xc2, 0x6, 0x11, 0xff, 0xf1, 0x84,
    0xc, 0x20, 0x61, 0x3, 0x8, 0xff, 0xf8, 0x82,
    0x4, 0x10, 0x60, 0x86, 0x4, 0x60, 0x20,

    /* U+4EA7 "产" */
    0x0, 0x0, 0x10, 0x3f, 0xfe, 0x20, 0x1, 0x88,
    0x4, 0x41, 0xff, 0xc8, 0x0, 0x40, 0x2, 0x0,
    0x10, 0x0, 0x80, 0x8, 0x0, 0x40, 0x0,

    /* U+4EAE "亮" */
    0x2, 0x7, 0xff, 0xc0, 0x0, 0x7f, 0xc3, 0xfe,
    0x10, 0x13, 0xff, 0xf0, 0x1, 0x1f, 0x80, 0x84,
    0x44, 0x22, 0x61, 0x1e, 0x7, 0x80,

    /* U+4ECA "今" */
    0x3, 0x0, 0xe, 0x0, 0x4c, 0x3, 0x18, 0x1a,
    0x31, 0x8c, 0x74, 0x10, 0x40, 0x0, 0x3f, 0xf0,
    0x0, 0xc0, 0x6, 0x0, 0x10, 0x0, 0x80, 0x0,
    0x0,

    /* U+4ECB "介" */
    0x3, 0x0, 0xc, 0x0, 0x48, 0x3, 0x10, 0x18,
    0x60, 0xc0, 0xee, 0x84, 0xc2, 0x10, 0x8, 0x40,
    0x21, 0x0, 0x84, 0x4, 0x10, 0x30, 0x41, 0x81,
    0x0,

    /* U+4ECE "从" */
    0x10, 0x80, 0x84, 0x4, 0x20, 0x21, 0x1, 0x8,
    0xc, 0x40, 0x63, 0x2, 0xa8, 0x23, 0x41, 0x19,
    0x18, 0x8c, 0x88, 0x38, 0xc0, 0x80,

    /* U+4EE3 "代" */
    0x11, 0x0, 0x44, 0x82, 0x11, 0x8, 0x40, 0x61,
    0xf9, 0xbc, 0xa, 0x10, 0x28, 0x20, 0x20, 0x80,
    0x82, 0x2, 0xc, 0xc8, 0x12, 0x20, 0x78, 0x80,
    0xe0,

    /* U+4EEA "仪" */
    0x11, 0x80, 0x52, 0x22, 0x4d, 0x89, 0x4, 0x66,
    0x11, 0x88, 0xca, 0x32, 0x8, 0x58, 0x21, 0xc0,
    0x83, 0x2, 0x36, 0x9, 0x8e, 0x28, 0x8,

    /* U+4EF6 "件" */
    0x10, 0x40, 0x49, 0x3, 0x24, 0x9, 0x90, 0x67,
    0xfd, 0x91, 0xe, 0x84, 0x28, 0x10, 0x2f, 0xfc,
    0x81, 0x2, 0x4, 0x8, 0x10, 0x20, 0x40, 0x81,
    0x0,

    /* U+4EFB "任" */
    0x10, 0x0, 0xbf, 0x88, 0x20, 0x41, 0x6, 0x8,
    0x70, 0x42, 0xbf, 0xe4, 0x10, 0x20, 0x81, 0x4,
    0x8, 0x20, 0x5f, 0xf2, 0x0, 0x0,

    /* U+4F11 "休" */
    0x10, 0x80, 0x42, 0x3, 0x8, 0xb, 0xfe, 0x61,
    0xc1, 0x87, 0xe, 0x2c, 0x8, 0xa8, 0x24, 0xb0,
    0x92, 0x42, 0x89, 0x8a, 0x22, 0x20, 0x80, 0x82,
    0x0,

    /* U+4F1A "会" */
    0x1, 0x0, 0x5, 0x0, 0x13, 0x0, 0x43, 0x3,
    0x1, 0x9d, 0xfd, 0x80, 0x0, 0x0, 0x0, 0x7f,
    0xfc, 0xc, 0x0, 0x11, 0x0, 0x41, 0x83, 0xff,
    0x0, 0x1, 0x0,

    /* U+4F4D "位" */
    0x0, 0x0, 0x84, 0xc, 0x20, 0x5f, 0xf2, 0x0,
    0x32, 0xb, 0x90, 0x54, 0x44, 0x22, 0x21, 0x11,
    0x8, 0xd0, 0x40, 0x82, 0xff, 0x90, 0x0,

    /* U+4F4E "低" */
    0x10, 0x8, 0x5f, 0xe1, 0x44, 0x9, 0x10, 0x24,
    0x41, 0x91, 0xe, 0x7f, 0xe9, 0x10, 0x24, 0x40,
    0x91, 0x2, 0x42, 0x9, 0x69, 0x26, 0x94, 0x91,
    0x60,

    /* U+4F53 "体" */
    0x10, 0x80, 0x42, 0x2, 0x8, 0xb, 0xfe, 0x21,
    0xc1, 0x8f, 0xe, 0x2a, 0x28, 0xa8, 0x24, 0x90,
    0xb2, 0x63, 0xbe, 0xc8, 0x20, 0x20, 0x80, 0x82,
    0x0,

    /* U+4F5C "作" */
    0x11, 0x0, 0xc8, 0x2, 0x3f, 0xc9, 0x20, 0x6c,
    0x83, 0xa3, 0xea, 0x8, 0x8, 0x20, 0x20, 0xf8,
    0x82, 0x2, 0x8, 0x8, 0x20, 0x20, 0x80,

    /* U+4F7F "使" */
    0x10, 0x80, 0x42, 0x3, 0xff, 0xc8, 0x20, 0x20,
    0x81, 0x9f, 0xee, 0x48, 0x89, 0xfe, 0x20, 0x88,
    0x92, 0x2, 0x30, 0x8, 0x40, 0x22, 0xe0, 0xb0,
    0x60,

    /* U+4F8B "例" */
    0x10, 0x9, 0xfc, 0x49, 0x2, 0x48, 0x96, 0x44,
    0xb3, 0xa5, 0xa5, 0x35, 0x29, 0x3f, 0x49, 0x12,
    0x48, 0x92, 0x4c, 0x12, 0xc0, 0x94, 0x3c,

    /* U+4F9B "供" */
    0x12, 0x20, 0x91, 0x8, 0x88, 0x5f, 0xf6, 0x22,
    0x31, 0x13, 0x88, 0x94, 0x44, 0x2f, 0xf9, 0x0,
    0x8, 0x88, 0x4c, 0x62, 0xc1, 0x94, 0x4,

    /* U+4FA7 "侧" */
    0x10, 0x4, 0x7e, 0x12, 0x8a, 0x4a, 0xa9, 0x2a,
    0xa5, 0xaa, 0x96, 0xaa, 0x4a, 0xa9, 0x2a, 0xa4,
    0xaa, 0x92, 0x32, 0x49, 0x41, 0x28, 0x84, 0xa0,
    0xf0,

    /* U+4FDD "保" */
    0x10, 0x0, 0x5f, 0xe3, 0x40, 0x89, 0x2, 0x24,
    0x9, 0x9f, 0xee, 0x8, 0xb, 0xff, 0x21, 0xc0,
    0x8a, 0x82, 0x69, 0xb, 0x23, 0x28, 0x84, 0x82,
    0x0,

    /* U+4FE1 "信" */
    0x10, 0x80, 0x43, 0x2, 0xff, 0xc8, 0x0, 0x27,
    0xf9, 0x80, 0x6, 0x0, 0x29, 0xfe, 0x20, 0x0,
    0x9f, 0xe2, 0x40, 0x89, 0x2, 0x27, 0xf8, 0x90,
    0x20,

    /* U+505C "停" */
    0x10, 0x80, 0xff, 0xc8, 0x0, 0x4f, 0xe6, 0x41,
    0x33, 0xfb, 0x80, 0x15, 0xff, 0x28, 0x9, 0x3f,
    0x88, 0x20, 0x41, 0x2, 0x8, 0x11, 0xc0,

    /* U+5099 "備" */
    0x12, 0x20, 0x91, 0xb, 0xfe, 0x44, 0x46, 0xff,
    0xb2, 0x3, 0x9f, 0xf5, 0x91, 0x27, 0xf9, 0x24,
    0x49, 0xfe, 0x49, 0x12, 0x48, 0x92, 0x18,

    /* U+50CF "像" */
    0x11, 0x0, 0x4f, 0x83, 0x44, 0xb, 0xfe, 0x24,
    0x89, 0x92, 0x2e, 0x3f, 0x88, 0xa6, 0x2d, 0xb0,
    0x89, 0x42, 0xdd, 0x8, 0xd2, 0x2c, 0x4c, 0xa6,
    0x0,

    /* U+5143 "元" */
    0x7f, 0xf0, 0x0, 0x0, 0x0, 0x0, 0xf, 0xff,
    0x84, 0x40, 0x22, 0x1, 0x10, 0x18, 0x80, 0x84,
    0x4c, 0x22, 0xc1, 0x1c, 0xf, 0x0,

    /* U+5145 "充" */
    0x2, 0x0, 0x10, 0x3f, 0xfe, 0x18, 0x1, 0x8c,
    0x18, 0x31, 0xff, 0xc9, 0x12, 0x8, 0x80, 0x44,
    0x6, 0x22, 0x21, 0x16, 0x8, 0xe0, 0x78,

    /* U+5148 "先" */
    0x2, 0x1, 0x90, 0x8, 0x80, 0x7f, 0xe4, 0x20,
    0x21, 0x0, 0x8, 0x1f, 0xff, 0x9, 0x80, 0x4c,
    0x6, 0x62, 0x23, 0x16, 0x8, 0xe0, 0x7c,

    /* U+5165 "入" */
    0xc, 0x0, 0x18, 0x0, 0x20, 0x0, 0xc0, 0x3,
    0x0, 0x12, 0x0, 0x48, 0x2, 0x10, 0x18, 0x60,
    0x40, 0x86, 0x1, 0xb0, 0x3,

    /* U+5168 "全" */
    0x3, 0x0, 0x1c, 0x0, 0x48, 0x2, 0x10, 0x30,
    0x31, 0x80, 0x65, 0xfe, 0x80, 0xc0, 0x3, 0x0,
    0xff, 0xc0, 0x30, 0x0, 0xc0, 0x7f, 0xf8,

    /* U+5173 "关" */
    0x0, 0x40, 0x86, 0x2, 0x20, 0xff, 0xe0, 0x20,
    0x1, 0x0, 0x8, 0x1f, 0xff, 0x6, 0x0, 0x28,
    0x3, 0x60, 0x31, 0x87, 0x3, 0xe0, 0xc,

    /* U+518D "再" */
    0xff, 0xf8, 0x10, 0x0, 0x80, 0x7f, 0xc2, 0x22,
    0x1f, 0xf0, 0x88, 0x84, 0x44, 0xff, 0xf9, 0x1,
    0x8, 0x8, 0x40, 0x42, 0xe, 0x0,

    /* U+5199 "写" */
    0x7f, 0xfa, 0x80, 0x54, 0x2, 0x3f, 0xe3, 0x0,
    0x10, 0x0, 0xff, 0xc0, 0x2, 0x0, 0x17, 0xfe,
    0x80, 0x4, 0x0, 0x20, 0x1e, 0x0,

    /* U+51B7 "冷" */
    0x0, 0x83, 0x5, 0x6, 0x36, 0x9, 0x8c, 0xc,
    0x9c, 0x43, 0x10, 0x0, 0xb, 0xfe, 0x20, 0x11,
    0x0, 0xc4, 0x66, 0x10, 0x60, 0x40, 0x60, 0x0,
    0x0,

    /* U+51C6 "准" */
    0x2, 0x42, 0x32, 0x19, 0xfe, 0x58, 0x80, 0xc4,
    0xb, 0xfc, 0x91, 0x4, 0x88, 0x27, 0xfa, 0x22,
    0x11, 0x11, 0x8f, 0xf0, 0x40, 0x0,

    /* U+51CD "凍" */
    0x1, 0x8, 0x10, 0x9f, 0xfc, 0x10, 0x4f, 0xe0,
    0x92, 0xf, 0xe4, 0x92, 0x4f, 0xe4, 0xba, 0x85,
    0xc8, 0xd6, 0x99, 0x30, 0x10,

    /* U+51FA "出" */
    0x4, 0x0, 0x82, 0x10, 0xc2, 0x18, 0x43, 0x8,
    0x7f, 0xf8, 0x20, 0x4, 0x10, 0x86, 0x10, 0xc2,
    0x1f, 0xfe, 0x0, 0x40,

    /* U+51FB "击" */
    0x2, 0x0, 0x10, 0x0, 0x80, 0xff, 0xe0, 0x20,
    0x1, 0x3, 0xff, 0xe0, 0x40, 0x2, 0x2, 0x10,
    0x90, 0x84, 0x84, 0x27, 0xff, 0x0, 0x8,

    /* U+5206 "分" */
    0x4, 0x80, 0x23, 0x1, 0x84, 0x4, 0x8, 0x60,
    0x1b, 0x0, 0x33, 0xfe, 0x1, 0x8, 0x4, 0x20,
    0x20, 0x80, 0x82, 0x6, 0x8, 0x30, 0x61, 0x8f,
    0x0,

    /* U+5207 "切" */
    0x20, 0x1, 0x3f, 0xc8, 0x42, 0x42, 0x1f, 0xd0,
    0xd0, 0x84, 0x84, 0x24, 0x21, 0x21, 0x9, 0x78,
    0x4e, 0xc2, 0x64, 0x12, 0x61, 0x86, 0x78,

    /* U+5217 "列" */
    0x0, 0x1f, 0xf1, 0x10, 0x93, 0x9, 0x3e, 0x96,
    0x29, 0x42, 0x9b, 0x69, 0x9c, 0x90, 0xc9, 0x18,
    0x13, 0x1, 0x60, 0x1c, 0x7,

    /* U+521D "初" */
    0x20, 0x1, 0x0, 0x8, 0xff, 0xf2, 0x11, 0x90,
    0x88, 0x84, 0x94, 0x2f, 0x21, 0xf9, 0xd, 0x28,
    0x48, 0x82, 0x44, 0x12, 0x40, 0x96, 0x78,

    /* U+5229 "利" */
    0x2, 0xf, 0xf0, 0x74, 0x22, 0x21, 0x1f, 0xe8,
    0x88, 0x44, 0xe2, 0x27, 0x91, 0x56, 0x8e, 0x84,
    0x64, 0x2, 0x20, 0x11, 0x0, 0x88, 0x3c,

    /* U+5230 "到" */
    0x0, 0xf, 0xf8, 0x4c, 0x12, 0x48, 0x94, 0x24,
    0xff, 0xa4, 0x41, 0x22, 0x9, 0xff, 0x48, 0x82,
    0x44, 0x2, 0x2e, 0x1f, 0xe0, 0xc0, 0x3c,

    /* U+5236 "制" */
    0x8, 0x9, 0x40, 0x52, 0x1a, 0xfe, 0xdc, 0x86,
    0xff, 0xf4, 0x21, 0xa1, 0xd, 0x7f, 0x6a, 0x4b,
    0x52, 0x42, 0x92, 0x14, 0xb0, 0x84, 0x1c,

    /* U+524D "前" */
    0x18, 0x40, 0x44, 0x3f, 0xfe, 0x0, 0x0, 0x0,
    0x3f, 0x49, 0xa, 0x4f, 0xd2, 0x42, 0x93, 0xf4,
    0x90, 0xa4, 0x84, 0x24, 0x21, 0x26, 0x38,

    /* U+526A "剪" */
    0x0, 0x0, 0x44, 0x3f, 0xfe, 0x0, 0x7, 0xe9,
    0x3f, 0x49, 0xa, 0x4f, 0xd2, 0x42, 0x90, 0x63,
    0x3f, 0xfc, 0x10, 0x21, 0x81, 0x70, 0xf0,

    /* U+529B "力" */
    0x4, 0x0, 0x40, 0x4, 0xf, 0xff, 0x4, 0x10,
    0x41, 0x4, 0x10, 0x41, 0xc, 0x10, 0x81, 0x18,
    0x13, 0x1, 0x60, 0x1c, 0x1e,

    /* U+529F "功" */
    0x1, 0x0, 0x10, 0xf9, 0x2, 0x7f, 0x21, 0x12,
    0x11, 0x21, 0x12, 0x11, 0x21, 0x13, 0xa1, 0xf2,
    0x18, 0x61, 0xc, 0x11, 0x8f,

    /* U+52A0 "加" */
    0x20, 0x1, 0x0, 0x8, 0x3f, 0xf9, 0x12, 0x48,
    0x92, 0x44, 0x92, 0x24, 0x91, 0x24, 0x89, 0x24,
    0x51, 0x22, 0x89, 0xfc, 0x48, 0xcc, 0x44,

    /* U+52A1 "务" */
    0x8, 0x0, 0x7f, 0xc3, 0x83, 0x19, 0x18, 0x43,
    0x81, 0xfb, 0xc0, 0x20, 0x8f, 0xfc, 0x4, 0x10,
    0x10, 0x40, 0x81, 0x6, 0x4, 0x61, 0xe0,

    /* U+52A8 "动" */
    0x0, 0x80, 0x4, 0x1f, 0x20, 0x7, 0xf0, 0x8,
    0xff, 0x44, 0x82, 0x24, 0x11, 0x28, 0x8a, 0x64,
    0x51, 0x43, 0xfa, 0x18, 0x30, 0x83, 0x38,

    /* U+52A9 "助" */
    0x0, 0x87, 0xc8, 0x44, 0x84, 0x7f, 0x7c, 0x94,
    0x49, 0x44, 0x94, 0x49, 0x7c, 0x94, 0x49, 0x45,
    0x15, 0xf1, 0xe2, 0x10, 0x2e,

    /* U+52B9 "効" */
    0x10, 0x40, 0xc2, 0x3f, 0x90, 0x3, 0xf2, 0xc4,
    0xa2, 0x26, 0x9, 0x30, 0x89, 0x28, 0x48, 0xc6,
    0x46, 0x22, 0x79, 0x16, 0x50, 0xc1, 0x9c,

    /* U+52D5 "動" */
    0x0, 0x47, 0xfa, 0x2, 0x11, 0xff, 0xf0, 0x84,
    0xbf, 0xa5, 0x25, 0x2f, 0xe9, 0x7f, 0x4a, 0x4a,
    0x42, 0x12, 0xfd, 0x10, 0xf8, 0xf8, 0xf8,

    /* U+52FF "勿" */
    0x10, 0x1, 0x0, 0x3f, 0xf6, 0x49, 0x44, 0x98,
    0x89, 0x89, 0x91, 0x11, 0x31, 0x16, 0x21, 0xc6,
    0x10, 0xc1, 0x39, 0xe0, 0x0,

    /* U+5316 "化" */
    0x11, 0x0, 0x88, 0x8, 0x46, 0x42, 0x66, 0x16,
    0x30, 0xe2, 0x86, 0x14, 0xe0, 0x2d, 0x1, 0x8,
    0x48, 0x42, 0x42, 0x12, 0x1f, 0x10, 0x0,

    /* U+5339 "匹" */
    0xff, 0xf8, 0x90, 0x89, 0x8, 0x90, 0x89, 0x8,
    0x91, 0x99, 0x19, 0x13, 0xa1, 0xe8, 0x0, 0x80,
    0xf, 0xff,

    /* U+5347 "升" */
    0x0, 0x47, 0xfa, 0x36, 0x10, 0x30, 0x81, 0x84,
    0xc, 0x23, 0xff, 0xe3, 0x8, 0x10, 0x40, 0x82,
    0x4, 0x10, 0x60, 0x86, 0x4, 0x60, 0x20,

    /* U+5353 "卓" */
    0x2, 0x0, 0x1f, 0x80, 0x80, 0x7f, 0xc2, 0x2,
    0x10, 0x10, 0xff, 0x84, 0x4, 0x3f, 0xe0, 0x10,
    0x3f, 0xfe, 0x4, 0x0, 0x20, 0x1, 0x0,

    /* U+5355 "单" */
    0x10, 0x40, 0x44, 0x1f, 0xfc, 0x84, 0x24, 0x21,
    0x3f, 0xf9, 0x8, 0x4f, 0xfe, 0x42, 0x10, 0x10,
    0x3f, 0xfe, 0x4, 0x0, 0x20, 0x1, 0x0,

    /* U+5382 "厂" */
    0x3f, 0xf9, 0x0, 0x8, 0x0, 0x40, 0x2, 0x0,
    0x10, 0x0, 0x80, 0x4, 0x0, 0x20, 0x2, 0x0,
    0x10, 0x1, 0x0, 0x0,

    /* U+538B "压" */
    0x3f, 0xfc, 0x80, 0x2, 0x8, 0x8, 0x20, 0x20,
    0x80, 0xbf, 0xe2, 0x8, 0x8, 0x28, 0x20, 0x90,
    0x82, 0x24, 0x8, 0x17, 0xff, 0x0, 0x0,

    /* U+539F "原" */
    0x3f, 0xfc, 0x84, 0x2, 0x10, 0x9, 0xfe, 0x24,
    0x8, 0x9f, 0xe2, 0x40, 0x89, 0xfe, 0x24, 0x88,
    0x9a, 0xc4, 0x49, 0x92, 0x23, 0x53, 0x84,

    /* U+53BB "去" */
    0x2, 0x0, 0x10, 0x0, 0x80, 0xff, 0xe0, 0x20,
    0x1, 0x0, 0x8, 0x1f, 0xff, 0x4, 0x0, 0x44,
    0x4, 0x10, 0x60, 0xc7, 0xff, 0x0, 0x8,

    /* U+53C2 "参" */
    0x4, 0x0, 0x44, 0x4, 0x10, 0xff, 0xc0, 0x40,
    0x7f, 0xfc, 0x43, 0x4, 0x6c, 0xdc, 0x99, 0x1c,
    0x47, 0x18, 0x43, 0x80, 0xe0, 0x38, 0x0,

    /* U+53D6 "取" */
    0xff, 0xf9, 0x16, 0x24, 0x48, 0x9f, 0x22, 0x44,
    0x91, 0x12, 0x47, 0xcd, 0x11, 0x18, 0x44, 0x61,
    0xfd, 0x8c, 0x4d, 0x1, 0x62, 0x6, 0x0,

    /* U+53E3 "口" */
    0xff, 0xf0, 0x6, 0x0, 0xc0, 0x18, 0x3, 0x0,
    0x60, 0xc, 0x1, 0x80, 0x3f, 0xfe, 0x0, 0x80,

    /* U+53EF "可" */
    0xff, 0xfc, 0x0, 0xc0, 0x3, 0x0, 0xc, 0x3f,
    0x30, 0x84, 0xc2, 0x13, 0x8, 0x4c, 0x3f, 0x30,
    0x80, 0xc0, 0x3, 0x0, 0xc, 0x1, 0xe0,

    /* U+53F0 "台" */
    0x0, 0x0, 0x18, 0x0, 0x80, 0x4, 0x8, 0x20,
    0x11, 0xff, 0xe0, 0x0, 0xc0, 0x0, 0x3f, 0xf0,
    0x80, 0x42, 0x1, 0x8, 0x4, 0x3f, 0xf0, 0x80,
    0x40,

    /* U+53F3 "右" */
    0x6, 0x0, 0x20, 0x3f, 0xfe, 0x10, 0x1, 0x80,
    0x8, 0x0, 0xff, 0xc6, 0x2, 0x50, 0x16, 0x80,
    0xa4, 0x4, 0x20, 0x21, 0xff, 0x8, 0x8,

    /* U+53F6 "叶" */
    0x0, 0x80, 0x8, 0xf0, 0x89, 0x8, 0x90, 0x89,
    0x7f, 0x90, 0x89, 0x8, 0x90, 0x89, 0x8, 0xf0,
    0x89, 0x8, 0x0, 0x80, 0x8,

    /* U+53F7 "号" */
    0x3f, 0xf0, 0x80, 0x42, 0x1, 0xf, 0xfc, 0x20,
    0x13, 0xff, 0xf1, 0x0, 0x4, 0x0, 0x3f, 0xf0,
    0x0, 0x40, 0x1, 0x0, 0xc, 0x3, 0xe0,

    /* U+540A "吊" */
    0x7f, 0xe4, 0x2, 0x40, 0x27, 0xfe, 0x44, 0x20,
    0x40, 0xff, 0xf8, 0x41, 0x84, 0x18, 0x41, 0x84,
    0x18, 0x4f, 0x4, 0x0,

    /* U+540C "同" */
    0xff, 0xf8, 0x1, 0x80, 0x1b, 0xfd, 0x80, 0x19,
    0xf9, 0x90, 0x99, 0x9, 0x90, 0x99, 0xf9, 0x80,
    0x18, 0x1, 0x80, 0xf0,

    /* U+540D "名" */
    0x0, 0x0, 0xc0, 0x1f, 0xf1, 0x3, 0x68, 0x6c,
    0xcc, 0x7, 0x0, 0xe0, 0x7f, 0xf5, 0x1, 0x10,
    0x11, 0x1, 0x1f, 0xf1, 0x1,

    /* U+540E "后" */
    0x0, 0x18, 0xff, 0xc2, 0x0, 0xf, 0xff, 0x20,
    0x0, 0x80, 0x2, 0x0, 0xb, 0xfe, 0x28, 0x8,
    0xa0, 0x24, 0x80, 0x93, 0xfe, 0x88, 0x8,

    /* U+5417 "吗" */
    0x7, 0xef, 0x2, 0x92, 0x29, 0x22, 0x92, 0x29,
    0x42, 0x97, 0xf9, 0x1, 0xff, 0xd9, 0x1, 0x90,
    0x10, 0x1, 0x0, 0xe0,

    /* U+5426 "否" */
    0x7f, 0xf8, 0xc, 0x0, 0x78, 0x3, 0x58, 0x31,
    0x33, 0x84, 0x70, 0x10, 0xf, 0xfc, 0x20, 0x10,
    0x80, 0x42, 0x1, 0xf, 0xfc, 0x20, 0x10,

    /* U+542F "启" */
    0x0, 0x0, 0x8, 0xf, 0xfe, 0x40, 0x12, 0x0,
    0x9f, 0xfc, 0x80, 0x24, 0x0, 0x2f, 0xf9, 0x40,
    0x4a, 0x2, 0x90, 0x14, 0xff, 0xa4, 0x4,

    /* U+5473 "味" */
    0x0, 0x80, 0x4, 0x3c, 0x21, 0x2f, 0xe9, 0x8,
    0x48, 0x42, 0x7f, 0xf2, 0x38, 0x91, 0xc7, 0x95,
    0x21, 0x2c, 0x11, 0x30, 0x8, 0x80, 0x40,

    /* U+548C "和" */
    0xc, 0x7, 0xc0, 0x4, 0x7e, 0x22, 0x1f, 0xd0,
    0x98, 0x84, 0xc4, 0x2b, 0x21, 0x55, 0xc, 0x88,
    0x64, 0x42, 0x23, 0xf1, 0x10, 0x88, 0x84,

    /* U+54C1 "品" */
    0x7f, 0xe4, 0x2, 0x40, 0x24, 0x2, 0x7f, 0xe0,
    0x0, 0xf9, 0xf8, 0x91, 0x89, 0x18, 0x91, 0x89,
    0x1f, 0x9f, 0x89, 0x10,

    /* U+5668 "器" */
    0x3e, 0xf8, 0x8a, 0x22, 0x28, 0x8f, 0xbe, 0x1,
    0x21, 0xff, 0xf0, 0x6c, 0x1e, 0xf, 0x3e, 0xf8,
    0x8a, 0x22, 0x28, 0x8f, 0xbe, 0x22, 0x88,

    /* U+56DE "回" */
    0xff, 0xf8, 0x1, 0x80, 0x19, 0xf9, 0x90, 0x99,
    0x9, 0x90, 0x99, 0x9, 0x9f, 0x98, 0x1, 0x80,
    0x1f, 0xff, 0x80, 0x10,

    /* U+56FA "固" */
    0xff, 0xf8, 0x1, 0x84, 0x1b, 0xfd, 0x84, 0x18,
    0x41, 0x9f, 0x99, 0x9, 0x90, 0x99, 0xf9, 0x90,
    0x9f, 0xff, 0x80, 0x10,

    /* U+56FD "国" */
    0xff, 0xf8, 0x1, 0xbf, 0xd8, 0x61, 0x86, 0x1b,
    0xfd, 0x86, 0x18, 0x69, 0x86, 0x9b, 0xff, 0x80,
    0x1f, 0xff, 0x80, 0x10,

    /* U+56FE "图" */
    0xff, 0xf8, 0x81, 0x9f, 0xdb, 0x89, 0xaf, 0x18,
    0xf9, 0xf0, 0x58, 0xf1, 0x80, 0x19, 0xf9, 0x80,
    0x1f, 0xff, 0x80, 0x10,

    /* U+5728 "在" */
    0x8, 0x0, 0x40, 0x3f, 0xfe, 0x30, 0x1, 0x8,
    0x18, 0x40, 0x82, 0xd, 0xfe, 0xe0, 0x85, 0x4,
    0x8, 0x20, 0x41, 0x3, 0xff, 0x90, 0x0,

    /* U+5730 "地" */
    0x20, 0x81, 0x4, 0x9, 0x20, 0x49, 0xef, 0x7d,
    0x17, 0x48, 0x92, 0x44, 0x92, 0x24, 0xf1, 0xa4,
    0x79, 0x3, 0x8, 0x30, 0x7f, 0x0,

    /* U+5740 "址" */
    0x20, 0x40, 0x81, 0x2, 0x4, 0x8, 0x90, 0xfa,
    0x40, 0x89, 0xe2, 0x24, 0x8, 0x90, 0x22, 0x40,
    0xa9, 0x7, 0x24, 0x20, 0x90, 0xf, 0xfc,

    /* U+574F "坏" */
    0x20, 0x1, 0x3f, 0xc8, 0x20, 0x41, 0xf, 0x98,
    0x10, 0x80, 0x86, 0x4, 0x74, 0x22, 0xb1, 0xe4,
    0xb3, 0x22, 0x1, 0x0, 0x8, 0x0, 0x40,

    /* U+578B "型" */
    0x0, 0x13, 0xf8, 0x89, 0x24, 0x49, 0x2f, 0xf9,
    0x12, 0x49, 0x90, 0x48, 0x8e, 0x2, 0x3, 0xff,
    0x80, 0x80, 0x4, 0xf, 0xff, 0x80,

    /* U+57DF "域" */
    0x20, 0x40, 0x81, 0x42, 0x4, 0xb, 0xfe, 0xf0,
    0x40, 0xbd, 0x22, 0x95, 0x8a, 0x54, 0x2f, 0x70,
    0x81, 0x83, 0xe, 0x77, 0xda, 0x0, 0xb8, 0x4,
    0x60,

    /* U+5831 "報" */
    0x10, 0x0, 0x47, 0xef, 0xd0, 0x84, 0x42, 0x11,
    0x3b, 0xb4, 0x4, 0x9f, 0x82, 0x52, 0xfd, 0x48,
    0x45, 0x4f, 0xd3, 0x4, 0x4c, 0x11, 0x78, 0x47,
    0x0,

    /* U+5834 "場" */
    0x40, 0x2, 0x3f, 0x91, 0x4, 0x8f, 0xef, 0x41,
    0x23, 0xf9, 0x0, 0x9, 0xff, 0x4f, 0xf2, 0xca,
    0x94, 0x95, 0xcd, 0x28, 0xc9, 0x0, 0xb8,

    /* U+58F0 "声" */
    0x2, 0x0, 0x10, 0x3f, 0xfe, 0x4, 0x7, 0xff,
    0x0, 0x0, 0xff, 0x84, 0x44, 0x22, 0x23, 0xff,
    0x10, 0x8, 0x80, 0xc, 0x0, 0x40, 0x0,

    /* U+5907 "备" */
    0x10, 0x1, 0xff, 0x1e, 0x11, 0x8b, 0x0, 0xfe,
    0x78, 0x18, 0xff, 0x84, 0x44, 0x22, 0x21, 0xff,
    0x8, 0x88, 0x7f, 0xc2, 0x2, 0x0,

    /* U+590D "复" */
    0x10, 0x0, 0xff, 0xe6, 0x0, 0x1f, 0xfc, 0xa0,
    0x10, 0xff, 0xc2, 0x1, 0xf, 0xfc, 0x8, 0x0,
    0x7f, 0xc2, 0x82, 0x31, 0xb0, 0xf, 0xe1, 0xc0,
    0xe0,

    /* U+5916 "外" */
    0x10, 0x40, 0x41, 0x1, 0x4, 0xf, 0xd0, 0x23,
    0x41, 0x89, 0xc4, 0x25, 0xb6, 0x93, 0xc, 0x40,
    0x11, 0x0, 0x84, 0x6, 0x10, 0x20, 0x41, 0x1,
    0x0,

    /* U+591A "多" */
    0x2, 0x0, 0x20, 0x7, 0xfc, 0x60, 0x66, 0xcc,
    0x3, 0x80, 0x7e, 0x1e, 0x7f, 0xc, 0x19, 0xd1,
    0x88, 0xb0, 0x7, 0x1, 0xe0, 0x38, 0x0,

    /* U+5927 "大" */
    0x2, 0x0, 0x10, 0x0, 0x80, 0x4, 0xf, 0xff,
    0x81, 0x0, 0x18, 0x0, 0xa0, 0x5, 0x0, 0x44,
    0x6, 0x30, 0x60, 0xec, 0x1, 0x80, 0x0,

    /* U+5929 "天" */
    0x7f, 0xf0, 0x10, 0x0, 0x80, 0x4, 0x0, 0x20,
    0x7f, 0xfc, 0x8, 0x0, 0xa0, 0x5, 0x0, 0x44,
    0x4, 0x10, 0xc0, 0x6c, 0x1, 0x80,

    /* U+592A "太" */
    0x2, 0x0, 0x10, 0x0, 0x80, 0x4, 0xf, 0xff,
    0x81, 0x0, 0x14, 0x0, 0xa0, 0x5, 0x0, 0x44,
    0x6, 0x30, 0x6c, 0xce, 0x33, 0xc0, 0x0,

    /* U+5931 "失" */
    0x2, 0x1, 0x90, 0x8, 0x80, 0x7f, 0xe4, 0x20,
    0x61, 0x0, 0x8, 0x1f, 0xff, 0x2, 0x0, 0x28,
    0x3, 0x20, 0x31, 0x87, 0x3, 0xe0, 0x4,

    /* U+59CB "始" */
    0x0, 0x1, 0x4, 0x8, 0x49, 0xf2, 0x44, 0xa1,
    0x27, 0xf9, 0x20, 0x29, 0x0, 0x53, 0xf3, 0x90,
    0x8c, 0x84, 0x74, 0x24, 0xbf, 0x41, 0x8,

    /* U+5A92 "媒" */
    0x22, 0x10, 0x88, 0x42, 0x7f, 0xbe, 0x84, 0x4b,
    0xf1, 0x28, 0x44, 0xbf, 0x14, 0x10, 0xd0, 0x41,
    0xdf, 0xe3, 0x1e, 0x1e, 0xd4, 0xc6, 0x4e, 0x1,
    0x0,

    /* U+5B50 "子" */
    0x7f, 0xf8, 0x0, 0xc0, 0x6, 0x0, 0x30, 0x1,
    0x0, 0x4, 0xf, 0xff, 0xc0, 0x40, 0x1, 0x0,
    0x4, 0x0, 0x10, 0x0, 0xc0, 0x1e, 0x0,

    /* U+5B57 "字" */
    0x2, 0x0, 0x4, 0x7, 0xff, 0xd0, 0x3, 0x40,
    0xc, 0x7f, 0x80, 0xc, 0x0, 0x40, 0xff, 0xfc,
    0x4, 0x0, 0x10, 0x0, 0x40, 0x3, 0x0, 0x38,
    0x0,

    /* U+5B58 "存" */
    0x8, 0x0, 0x40, 0x3f, 0xfe, 0x20, 0x1, 0xff,
    0x10, 0x19, 0x81, 0x8c, 0x10, 0xaf, 0xf9, 0x4,
    0x8, 0x20, 0x41, 0x2, 0x8, 0x11, 0xc0,

    /* U+5B83 "它" */
    0x4, 0x0, 0x20, 0xff, 0xf8, 0x1, 0xa0, 0x12,
    0x6, 0x21, 0xc2, 0xe0, 0x38, 0x2, 0x1, 0x20,
    0x12, 0x3, 0x3f, 0xe0,

    /* U+5B89 "安" */
    0x2, 0x0, 0x4, 0x7, 0xff, 0x90, 0x2, 0x44,
    0x8, 0x10, 0xf, 0xff, 0xc6, 0x8, 0x10, 0x40,
    0x73, 0x0, 0x38, 0x1, 0xb8, 0x78, 0x39, 0x0,
    0x0,

    /* U+5B9A "定" */
    0x2, 0x0, 0x18, 0x1f, 0xfe, 0x80, 0x14, 0x0,
    0xff, 0xfc, 0xc, 0x6, 0x60, 0x23, 0xf9, 0x18,
    0xc, 0xc0, 0xa6, 0xc, 0xb0, 0x43, 0xfc, 0x0,
    0x0,

    /* U+5B9F "実" */
    0x1, 0x0, 0x4, 0x7, 0xff, 0x90, 0x2, 0x1,
    0x0, 0xff, 0xc0, 0x10, 0xf, 0xfc, 0x1, 0x1,
    0xff, 0xe0, 0x28, 0x1, 0x10, 0x38, 0x31, 0x80,
    0x20,

    /* U+5BB6 "家" */
    0x4, 0x0, 0x10, 0x3f, 0xfd, 0x0, 0x27, 0xfe,
    0x4, 0x0, 0x51, 0x9d, 0xd8, 0x9b, 0x81, 0xb6,
    0x33, 0x90, 0x66, 0x6e, 0x21, 0x4f, 0x0,

    /* U+5BB9 "容" */
    0x1, 0x0, 0x4, 0x7, 0xff, 0xd0, 0x1, 0xc,
    0x60, 0xc4, 0x64, 0x68, 0x83, 0x18, 0x30, 0x3b,
    0xff, 0xf1, 0x1, 0x4, 0x4, 0x1f, 0xf0, 0x40,
    0x40,

    /* U+5BC6 "密" */
    0x0, 0x0, 0x4, 0x7, 0xff, 0x90, 0x2, 0x29,
    0x60, 0xa3, 0x46, 0xb2, 0x87, 0x8, 0x7f, 0xc0,
    0x4, 0x2, 0x11, 0x8, 0x44, 0x3f, 0xf0, 0x0,
    0x40,

    /* U+5BD2 "寒" */
    0x2, 0x7, 0xff, 0xe2, 0x22, 0xff, 0xe0, 0x88,
    0x3f, 0xf8, 0x22, 0x1f, 0xff, 0x18, 0xc1, 0x7b,
    0x30, 0x26, 0x3c, 0x0, 0x1c, 0x0,

    /* U+5BF9 "对" */
    0x0, 0x27, 0xc1, 0x3e, 0x8, 0x17, 0xf8, 0x82,
    0x2d, 0x11, 0xc8, 0x86, 0x24, 0x11, 0x21, 0x81,
    0x1a, 0x8, 0x90, 0x48, 0x2, 0x40, 0xe0,

    /* U+5BFE "対" */
    0x10, 0x10, 0x40, 0x4f, 0xe1, 0x1, 0x7f, 0x44,
    0x11, 0x10, 0x46, 0x89, 0xa, 0x24, 0x18, 0xd0,
    0x60, 0x43, 0x81, 0x9, 0x4, 0x46, 0x12, 0x3,
    0x80,

    /* U+5C06 "将" */
    0x10, 0x80, 0x44, 0x1, 0x3f, 0x95, 0x82, 0x55,
    0x30, 0x43, 0x81, 0x39, 0x5, 0x4, 0x37, 0xfd,
    0x40, 0x45, 0x11, 0x4, 0x64, 0x10, 0x10, 0x43,
    0xc0,

    /* U+5C0F "小" */
    0x2, 0x0, 0x10, 0x0, 0x80, 0x4, 0x83, 0x24,
    0x11, 0x30, 0x88, 0x8c, 0x46, 0x42, 0x16, 0x10,
    0xe0, 0x82, 0x4, 0x0, 0x20, 0xf, 0x0,

    /* U+5C4F "屏" */
    0x3f, 0xf8, 0x80, 0x23, 0xff, 0x89, 0x8a, 0x22,
    0x20, 0xbf, 0xe2, 0x22, 0x8, 0x88, 0x3f, 0xfc,
    0x88, 0x84, 0x42, 0x13, 0x8, 0x88, 0x20,

    /* U+5DE5 "工" */
    0x7f, 0xf0, 0x10, 0x0, 0x80, 0x4, 0x0, 0x20,
    0x1, 0x0, 0x8, 0x0, 0x40, 0x2, 0x0, 0x10,
    0x3f, 0xfe,

    /* U+5DE6 "左" */
    0x4, 0x0, 0x10, 0x7, 0xff, 0xc1, 0x0, 0xc,
    0x0, 0x20, 0x1, 0x80, 0x7, 0xfe, 0x10, 0x80,
    0xc2, 0x6, 0x8, 0x10, 0x20, 0x1f, 0xfc,

    /* U+5DEE "差" */
    0x10, 0x40, 0x44, 0x1f, 0xfc, 0x8, 0x7, 0xff,
    0x2, 0x0, 0x20, 0x1f, 0xff, 0x10, 0x1, 0xff,
    0x90, 0x41, 0x2, 0x3, 0xff, 0x80,

    /* U+5DF2 "已" */
    0xff, 0xe0, 0x1, 0x0, 0x8, 0x80, 0x44, 0x2,
    0x3f, 0xf1, 0x0, 0x8, 0x0, 0x40, 0x1a, 0x0,
    0x90, 0x4, 0x7f, 0xe0,

    /* U+5E27 "帧" */
    0x20, 0x81, 0x4, 0x8, 0x3f, 0xf1, 0xa, 0xbf,
    0x55, 0xa, 0xaa, 0x55, 0x52, 0xaa, 0x95, 0x54,
    0xac, 0xa4, 0x42, 0x82, 0x23, 0x12, 0x8,

    /* U+5E2E "帮" */
    0x10, 0x1, 0xf, 0xfe, 0x91, 0xa, 0xfe, 0xa1,
    0x9, 0xfe, 0x92, 0xf, 0x42, 0xb, 0xfe, 0x22,
    0x22, 0x22, 0x22, 0xe0, 0x20,

    /* U+5E2F "帯" */
    0x2, 0x1, 0x11, 0x3f, 0xfe, 0x44, 0x43, 0xfe,
    0x0, 0x3, 0xff, 0xf0, 0x1, 0xbf, 0xf9, 0x10,
    0x88, 0x84, 0x44, 0x62, 0x2e, 0x1, 0x0,

    /* U+5E38 "常" */
    0x2, 0x3, 0x26, 0x12, 0xcf, 0xff, 0x80, 0x1b,
    0xfd, 0x20, 0x43, 0xfc, 0x22, 0x47, 0xfe, 0x42,
    0x24, 0x22, 0x42, 0xe0, 0x20,

    /* U+5E55 "幕" */
    0x4, 0x41, 0xff, 0xf0, 0x44, 0x7, 0xfc, 0x10,
    0x10, 0x7f, 0xc1, 0xff, 0x1, 0x0, 0x7f, 0xfc,
    0x44, 0xc7, 0xff, 0xc4, 0x44, 0x11, 0x70, 0x4,
    0x0,

    /* U+5E73 "平" */
    0x7f, 0xf0, 0x10, 0x18, 0x8c, 0x44, 0x41, 0x24,
    0xd, 0x60, 0x8, 0x1f, 0xff, 0x2, 0x0, 0x10,
    0x0, 0x80, 0x4, 0x0, 0x20, 0x0,

    /* U+5E76 "并" */
    0x10, 0x40, 0xc2, 0x2, 0x20, 0xff, 0xe1, 0x4,
    0x8, 0x20, 0x41, 0x1f, 0xff, 0x10, 0x40, 0x82,
    0x4, 0x10, 0x60, 0x86, 0x4, 0x20, 0x20,

    /* U+5E8F "序" */
    0x1, 0x0, 0x4, 0x3, 0xff, 0xc8, 0x0, 0x2f,
    0xf8, 0x88, 0xc2, 0x3c, 0x8, 0x60, 0x3f, 0xfc,
    0x82, 0x22, 0x8, 0x98, 0x20, 0x40, 0x81, 0x1e,
    0x0,

    /* U+5E94 "应" */
    0x1, 0x0, 0x6, 0x3, 0xff, 0xc8, 0x0, 0x21,
    0x10, 0xa4, 0x42, 0x99, 0xb, 0x24, 0x24, 0xb0,
    0x92, 0x82, 0x42, 0x10, 0x18, 0x5f, 0xfc, 0x0,
    0x0,

    /* U+5EA6 "度" */
    0x1, 0x0, 0x4, 0x3, 0xff, 0x89, 0x8, 0x3f,
    0xf8, 0x90, 0x82, 0x7e, 0x8, 0x0, 0x2f, 0xf0,
    0x90, 0xc2, 0x24, 0x10, 0xf0, 0x5e, 0x7c, 0x0,
    0x0,

    /* U+5EFA "建" */
    0x1, 0x0, 0x8, 0x3f, 0xfc, 0x62, 0x26, 0xff,
    0xa0, 0x8b, 0xff, 0xc2, 0x20, 0x9f, 0xf3, 0x8,
    0x1b, 0xfe, 0xa0, 0x8, 0xff, 0x80, 0x0,

    /* U+5F00 "开" */
    0x7f, 0xf0, 0xc2, 0x6, 0x10, 0x30, 0x81, 0x84,
    0x7f, 0xfc, 0x41, 0x2, 0x8, 0x10, 0x40, 0x82,
    0xc, 0x10, 0xc0, 0x8c, 0x4, 0x0,

    /* U+5F02 "异" */
    0x7f, 0xe2, 0x1, 0x10, 0x8, 0xff, 0xc6, 0x0,
    0x9f, 0xf8, 0x0, 0x2, 0x8, 0xff, 0xf8, 0x82,
    0x4, 0x10, 0xc0, 0x84, 0x4, 0x0,

    /* U+5F0F "式" */
    0x0, 0xa0, 0x5, 0x80, 0x25, 0xff, 0xf0, 0x8,
    0x0, 0x41, 0xfa, 0x2, 0x10, 0x10, 0x80, 0x84,
    0x4, 0x12, 0xfe, 0x9e, 0x7, 0x80, 0x18,

    /* U+5F20 "张" */
    0x2, 0x7, 0x90, 0x84, 0x8c, 0x24, 0xcf, 0x38,
    0x49, 0x2, 0x3f, 0xf0, 0x50, 0xf2, 0xc0, 0x92,
    0x4, 0x98, 0x24, 0x61, 0x39, 0xf1, 0x4,

    /* U+5F37 "強" */
    0x0, 0x1, 0xc4, 0x1, 0x32, 0x4, 0x84, 0x17,
    0xf9, 0xc2, 0x24, 0x7f, 0x9d, 0x22, 0x14, 0x88,
    0x5f, 0xe1, 0x8, 0x4, 0x22, 0x1f, 0xf9, 0x80,
    0x10,

    /* U+5F39 "弹" */
    0x0, 0x13, 0xcc, 0x41, 0x12, 0x5, 0xfe, 0x74,
    0x4a, 0x5f, 0xe8, 0x44, 0xa1, 0x12, 0xf7, 0xf8,
    0x51, 0x21, 0xff, 0xc4, 0x10, 0x10, 0x43, 0xc1,
    0x0,

    /* U+5F3A "强" */
    0x73, 0xf0, 0xa0, 0x85, 0x4, 0x27, 0xe7, 0x8,
    0x23, 0xfd, 0xd2, 0x22, 0x91, 0x17, 0xf8, 0x84,
    0x4, 0x24, 0x3f, 0xf6, 0x0, 0x80,

    /* U+5F53 "当" */
    0x2, 0x6, 0x23, 0x32, 0x61, 0xac, 0x2, 0x7,
    0xff, 0x0, 0x10, 0x1, 0x0, 0x17, 0xff, 0x0,
    0x10, 0x1, 0xff, 0xf0, 0x1,

    /* U+5F62 "形" */
    0x0, 0x17, 0xf9, 0x89, 0x18, 0x49, 0x82, 0x40,
    0x12, 0xb, 0xfc, 0x84, 0x98, 0x24, 0x89, 0x20,
    0xd1, 0xc, 0x88, 0xcc, 0x4c, 0x42, 0x80,

    /* U+5F71 "影" */
    0x7e, 0x13, 0xf1, 0x10, 0xb0, 0xfd, 0x25, 0x23,
    0x7f, 0xb0, 0x3, 0xf, 0xc1, 0x7e, 0x10, 0x81,
    0x95, 0x99, 0xa5, 0x8b, 0x18, 0x0,

    /* U+5F85 "待" */
    0x10, 0x81, 0x4, 0x19, 0xfc, 0x81, 0x9, 0x8,
    0x1f, 0xfc, 0x80, 0xc, 0x4, 0xef, 0xfd, 0x1,
    0x9, 0x88, 0x44, 0x42, 0x2, 0x10, 0xf0,

    /* U+5F8C "後" */
    0x11, 0x80, 0x88, 0x66, 0x7e, 0x34, 0x24, 0x13,
    0x10, 0xbf, 0xe6, 0x10, 0x38, 0xfc, 0xa6, 0x30,
    0xa4, 0x82, 0xc, 0x8, 0xdc, 0x2c, 0x8,

    /* U+5F97 "得" */
    0x10, 0x0, 0x5f, 0xe2, 0x40, 0x91, 0xfe, 0x94,
    0x8, 0xdf, 0xe2, 0x40, 0x99, 0xff, 0xa0, 0x10,
    0xbf, 0xf2, 0x21, 0x8, 0x84, 0x20, 0x10, 0x83,
    0xc0,

    /* U+5FA9 "復" */
    0x12, 0x1, 0xbf, 0xd9, 0x0, 0x9f, 0xe9, 0x41,
    0x13, 0xf8, 0x90, 0x4c, 0xfe, 0xe2, 0x5, 0x3f,
    0x8b, 0x8c, 0x52, 0x82, 0x3e, 0x16, 0xc,

    /* U+5FAA "循" */
    0x10, 0x0, 0x5f, 0xe2, 0x44, 0x19, 0x10, 0xc7,
    0xfc, 0x51, 0x2, 0x5f, 0x99, 0x42, 0xe5, 0xf8,
    0x94, 0x22, 0x5f, 0x8b, 0x42, 0x29, 0xf8, 0xa4,
    0x20,

    /* U+5FC3 "心" */
    0x2, 0x0, 0xc, 0x0, 0x10, 0x2, 0x60, 0x28,
    0x10, 0xa0, 0x46, 0x80, 0x92, 0x2, 0x48, 0xd,
    0x20, 0x40, 0x83, 0x2, 0x8, 0xf, 0xe0,

    /* U+5FC5 "必" */
    0x0, 0x0, 0xc, 0x0, 0x1b, 0x2, 0x8, 0x28,
    0x40, 0xa3, 0x44, 0x99, 0x92, 0xc2, 0x4e, 0xc,
    0x30, 0x1, 0x81, 0x1a, 0x8, 0x4f, 0xe0,

    /* U+5FEB "快" */
    0x20, 0x80, 0x82, 0x2, 0x8, 0xd, 0xfe, 0x78,
    0x9a, 0xa2, 0x6a, 0x9, 0x8b, 0xff, 0x20, 0xc0,
    0x85, 0x2, 0x16, 0x8, 0x8c, 0x2c, 0x18, 0xa0,
    0x20,

    /* U+5FFD "忽" */
    0x10, 0x1, 0x80, 0xf, 0xfc, 0xc9, 0x24, 0x99,
    0x8, 0x89, 0x98, 0x41, 0x9c, 0x4, 0x2, 0x11,
    0x94, 0xc5, 0xa0, 0xb9, 0x4, 0x8f, 0xe0,

    /* U+6001 "态" */
    0x2, 0x0, 0x8, 0xf, 0xff, 0x81, 0xc0, 0x5,
    0x0, 0x22, 0x3, 0x46, 0x38, 0x8e, 0x80, 0x8,
    0x58, 0x5, 0x35, 0x34, 0x12, 0x90, 0x48, 0x3e,
    0x0,

    /* U+6062 "恢" */
    0x22, 0x1, 0x10, 0xb, 0xfe, 0x6c, 0x7, 0x4c,
    0x52, 0x22, 0x9b, 0x25, 0xda, 0x29, 0xe1, 0x46,
    0xc, 0x48, 0x42, 0x62, 0x21, 0x92, 0x4,

    /* U+606F "息" */
    0x2, 0x0, 0xff, 0xc2, 0x1, 0xf, 0xfc, 0x20,
    0x10, 0xff, 0xc2, 0x1, 0xf, 0xfc, 0x22, 0x11,
    0x4c, 0x65, 0x12, 0xf6, 0x9, 0xf, 0xc0,

    /* U+60A8 "您" */
    0x0, 0x0, 0x90, 0x9, 0xfe, 0xc8, 0x26, 0x89,
    0x50, 0x40, 0x92, 0xc5, 0x13, 0x23, 0x80, 0x10,
    0x14, 0x84, 0xa2, 0xb5, 0x4, 0x87, 0xe0,

    /* U+60AA "悪" */
    0xff, 0xf8, 0x44, 0x1f, 0xfc, 0x91, 0x24, 0x89,
    0x3f, 0xf8, 0x22, 0x1f, 0xff, 0x0, 0x2, 0x90,
    0x94, 0x53, 0x20, 0x90, 0xfc, 0x0,

    /* U+60C5 "情" */
    0x20, 0x80, 0xbf, 0xf2, 0x8, 0x1d, 0xfe, 0xa0,
    0x82, 0xbf, 0xfa, 0x0, 0x9, 0xfe, 0x24, 0x8,
    0x9f, 0xe2, 0x7f, 0x89, 0x2, 0x24, 0x8, 0x91,
    0xe0,

    /* U+60F3 "想" */
    0x20, 0x1, 0x1f, 0x88, 0x85, 0xf4, 0x23, 0x3f,
    0x35, 0xf9, 0x88, 0x54, 0x42, 0x5, 0xe0, 0x30,
    0x14, 0x8c, 0xa0, 0xb9, 0x4, 0x87, 0xc0,

    /* U+6162 "慢" */
    0x20, 0x1, 0x3f, 0x89, 0x4, 0x6f, 0xe7, 0x7f,
    0x50, 0x2, 0xbf, 0xf5, 0x25, 0x2f, 0xf9, 0x7f,
    0x88, 0x84, 0x43, 0xc2, 0x3f, 0x16, 0xc,

    /* U+6210 "成" */
    0x0, 0xb0, 0x2, 0x60, 0x8, 0xf, 0xff, 0x20,
    0x80, 0x82, 0x3, 0xe8, 0x88, 0xa4, 0x22, 0x70,
    0x89, 0x82, 0x24, 0x57, 0x39, 0x41, 0xb5, 0x4,
    0x60,

    /* U+6216 "或" */
    0x1, 0x60, 0x9, 0x80, 0x45, 0xff, 0xf0, 0x10,
    0x3e, 0x89, 0x14, 0xc8, 0x94, 0x7c, 0xe2, 0x26,
    0x0, 0x22, 0x7f, 0x9e, 0x36, 0x81, 0x18,

    /* U+6237 "户" */
    0x3, 0x0, 0xc, 0xf, 0xfe, 0x40, 0x12, 0x0,
    0x90, 0x4, 0x80, 0x27, 0xff, 0x20, 0x9, 0x0,
    0x8, 0x0, 0xc0, 0x4, 0x0, 0x60, 0x0,

    /* U+623B "戻" */
    0x0, 0x0, 0x4, 0x3, 0xff, 0x88, 0x2, 0x20,
    0x8, 0xff, 0xe2, 0x8, 0x8, 0x20, 0x3f, 0xfc,
    0x86, 0x6, 0x14, 0x10, 0x88, 0x4c, 0x18, 0x60,
    0x30,

    /* U+624B "手" */
    0x7f, 0xf0, 0x10, 0x0, 0x80, 0x4, 0x7, 0xff,
    0x1, 0x0, 0x8, 0x1f, 0xff, 0x2, 0x0, 0x10,
    0x0, 0x80, 0x4, 0x1, 0xe0, 0x0,

    /* U+6253 "打" */
    0x20, 0x1, 0x3f, 0xc8, 0x9, 0xf0, 0x42, 0x2,
    0x10, 0x10, 0xa0, 0x87, 0x4, 0xe0, 0x21, 0x1,
    0x8, 0x8, 0x40, 0x42, 0x2, 0x70, 0xf0,

    /* U+6267 "执" */
    0x22, 0x1, 0x10, 0x8, 0x81, 0xef, 0xc2, 0x22,
    0x11, 0x10, 0x88, 0x87, 0xc4, 0xe3, 0x21, 0x2d,
    0x9, 0xa, 0x48, 0x52, 0x82, 0xe8, 0xc,

    /* U+626B "扫" */
    0x20, 0x1, 0x1f, 0xc8, 0x3, 0xf0, 0x12, 0x0,
    0x90, 0x4, 0x80, 0x27, 0x7f, 0xe0, 0x9, 0x0,
    0x48, 0x2, 0x40, 0x12, 0x7f, 0xf0, 0x4,

    /* U+627E "找" */
    0x21, 0x41, 0xb, 0x8, 0x4d, 0xf2, 0x2, 0x3f,
    0x92, 0x80, 0x84, 0x4f, 0x24, 0xe1, 0x41, 0x4,
    0x8, 0xe2, 0x4d, 0x92, 0x84, 0xf0, 0x18,

    /* U+6295 "投" */
    0x20, 0x1, 0x1f, 0x8, 0x89, 0xe4, 0x42, 0x62,
    0x12, 0x1c, 0xa0, 0x6, 0xfe, 0xe6, 0x31, 0x11,
    0x8, 0x50, 0x43, 0x2, 0x36, 0x6e, 0xc,

    /* U+629C "抜" */
    0x21, 0x0, 0x84, 0x2, 0x7f, 0xbe, 0x40, 0x21,
    0x0, 0x88, 0x2, 0x3f, 0xe, 0xc4, 0xe3, 0x10,
    0x92, 0xc2, 0x4a, 0xa, 0x10, 0x29, 0xb3, 0x8c,
    0x20,

    /* U+629E "択" */
    0x20, 0x0, 0x8f, 0xe2, 0x20, 0xbe, 0x82, 0x22,
    0x8, 0x88, 0x22, 0x3f, 0x9e, 0x90, 0xe2, 0x40,
    0x89, 0x2, 0x62, 0x9, 0xc, 0x2c, 0x1b, 0xa0,
    0x30,

    /* U+62BC "押" */
    0x20, 0x1, 0x3f, 0xc9, 0x23, 0xe9, 0x12, 0x48,
    0x93, 0xfc, 0x92, 0x26, 0x91, 0xe4, 0x89, 0x3f,
    0xc8, 0x20, 0x41, 0x2, 0x8, 0x60, 0x40,

    /* U+62D4 "拔" */
    0x21, 0x20, 0x84, 0xc2, 0x10, 0x3d, 0xff, 0x21,
    0x0, 0x8c, 0x2, 0x3f, 0x8e, 0xc6, 0xe7, 0x10,
    0x96, 0xc2, 0xca, 0xa, 0x38, 0x31, 0xb3, 0xb8,
    0x30,

    /* U+62E9 "择" */
    0x20, 0x0, 0x9f, 0xe2, 0x20, 0xbe, 0x44, 0x20,
    0xe0, 0x87, 0xc2, 0x71, 0xce, 0x10, 0xe7, 0xfc,
    0x81, 0x2, 0xff, 0xc8, 0x10, 0x20, 0x43, 0x81,
    0x0,

    /* U+6301 "持" */
    0x20, 0x40, 0x81, 0x2, 0x3f, 0xbe, 0x10, 0x20,
    0x40, 0x9f, 0xf2, 0x81, 0x3e, 0x4, 0xa7, 0xfc,
    0x88, 0x42, 0x31, 0x8, 0x44, 0x20, 0x13, 0x83,
    0xc0,

    /* U+6302 "挂" */
    0x21, 0x81, 0xc, 0xb, 0xfd, 0xe3, 0x2, 0x18,
    0x10, 0xc0, 0xbf, 0xee, 0x30, 0xa1, 0x81, 0x7f,
    0x88, 0x60, 0x43, 0x2, 0xff, 0xe0, 0x0,

    /* U+6309 "按" */
    0x20, 0x81, 0x6, 0x9, 0xff, 0xe8, 0x12, 0x58,
    0x90, 0x80, 0xff, 0xfc, 0x46, 0xa2, 0x21, 0x31,
    0x8, 0x70, 0x41, 0xc2, 0x33, 0x76, 0x4,

    /* U+633F "挿" */
    0x20, 0x0, 0xbf, 0xe2, 0x8, 0x3c, 0x20, 0x2f,
    0xfc, 0x82, 0x3, 0x7f, 0x99, 0x22, 0xa7, 0xf8,
    0x92, 0x22, 0x7f, 0x89, 0x22, 0x20, 0x83, 0x2,
    0x0,

    /* U+636E "据" */
    0x20, 0x1, 0x7f, 0xca, 0x3, 0xf0, 0x12, 0xff,
    0x94, 0x20, 0xff, 0xfd, 0x8, 0xa8, 0x41, 0x5f,
    0xca, 0x82, 0x54, 0x13, 0x3f, 0xf9, 0x4,

    /* U+63A5 "接" */
    0x40, 0x82, 0x4, 0x13, 0xff, 0xe4, 0x44, 0x26,
    0x2f, 0xfd, 0x4, 0xe, 0x20, 0xdf, 0xfa, 0x11,
    0x11, 0x90, 0x83, 0x84, 0x3e, 0x6e, 0xc,

    /* U+63A7 "控" */
    0x21, 0x81, 0x4, 0x9, 0xff, 0xe8, 0x12, 0x50,
    0x91, 0x98, 0x98, 0x6e, 0x81, 0xe7, 0xf9, 0x4,
    0x8, 0x20, 0x41, 0x2, 0xff, 0xe0, 0x0,

    /* U+63A9 "掩" */
    0x20, 0x80, 0x82, 0x2, 0xff, 0xbc, 0xc8, 0x26,
    0x30, 0xb2, 0x62, 0x7f, 0x1d, 0x24, 0xe7, 0xf0,
    0x92, 0x42, 0x7f, 0x9, 0x23, 0x20, 0x8b, 0x3,
    0xe0,

    /* U+63CF "描" */
    0x21, 0x10, 0x84, 0x42, 0x7f, 0xfc, 0x44, 0x20,
    0x0, 0x9f, 0xe3, 0x44, 0x9d, 0x12, 0xe4, 0x48,
    0x9f, 0xe2, 0x44, 0x89, 0x12, 0x27, 0xfb, 0x90,
    0x20,

    /* U+63D0 "提" */
    0x40, 0x2, 0x3f, 0x91, 0x5, 0xef, 0xe4, 0x41,
    0x23, 0xf9, 0xd0, 0x59, 0xff, 0xc0, 0x82, 0x24,
    0x11, 0x3c, 0x99, 0x4, 0xb8, 0x68, 0xfc,

    /* U+63D2 "插" */
    0x20, 0x0, 0x9f, 0xe2, 0x8, 0x3c, 0x20, 0x2f,
    0xfc, 0x82, 0x3, 0xfb, 0xbb, 0x22, 0x2c, 0x88,
    0xbe, 0xe2, 0xc8, 0x8b, 0x22, 0x2f, 0xfb, 0x30,
    0x20,

    /* U+640D "損" */
    0x20, 0x1, 0x3f, 0x89, 0x5, 0xe8, 0x22, 0x7f,
    0x17, 0xf8, 0xb0, 0x4f, 0xfe, 0xac, 0x11, 0x7f,
    0x8b, 0xfc, 0x58, 0x22, 0x33, 0x66, 0xc,

    /* U+641C "搜" */
    0x20, 0x80, 0x9e, 0xe2, 0x48, 0xbd, 0x22, 0x27,
    0xb8, 0x92, 0x23, 0x7f, 0xb8, 0x20, 0x2f, 0xf0,
    0x88, 0x42, 0x32, 0x8, 0x70, 0x21, 0xe3, 0x78,
    0xf0,

    /* U+643A "携" */
    0x22, 0xc1, 0x12, 0x9, 0xff, 0xe8, 0x82, 0xff,
    0x96, 0x20, 0x9f, 0xde, 0xff, 0xa0, 0x1, 0x3f,
    0x8, 0x8e, 0x44, 0x12, 0x40, 0xf4, 0x3c,

    /* U+64AD "播" */
    0x20, 0x1, 0x3f, 0x89, 0x25, 0xe5, 0x42, 0xff,
    0x90, 0xe0, 0xda, 0xdd, 0x83, 0xaf, 0xf1, 0x24,
    0x89, 0xfc, 0x49, 0x22, 0x7f, 0x62, 0x8,

    /* U+652F "支" */
    0x2, 0x0, 0x10, 0x3f, 0xfe, 0x4, 0x0, 0x20,
    0x3f, 0xf0, 0x41, 0x83, 0x8, 0x8, 0x80, 0x2c,
    0x0, 0xc0, 0x3b, 0x8f, 0x7, 0xc0, 0x0,

    /* U+6536 "收" */
    0x11, 0x0, 0x90, 0x24, 0x81, 0x2f, 0xf9, 0x62,
    0x4b, 0x12, 0x68, 0x92, 0x4c, 0x91, 0x47, 0x8a,
    0x34, 0x20, 0x23, 0x81, 0x63, 0xe, 0xc,

    /* U+653E "放" */
    0x10, 0x40, 0x42, 0x0, 0x8, 0x3f, 0xbf, 0x21,
    0x90, 0x86, 0x43, 0xc9, 0x9, 0x24, 0x24, 0xa1,
    0x91, 0x84, 0x46, 0x11, 0x2c, 0x9f, 0x1e, 0x0,
    0x0,

    /* U+6548 "效" */
    0x10, 0x40, 0x43, 0x0, 0x8, 0x3f, 0xbe, 0x29,
    0x91, 0x16, 0x4c, 0x29, 0x21, 0x24, 0x28, 0x70,
    0x61, 0x81, 0x86, 0x9, 0x3c, 0xc5, 0x9a, 0xc,
    0x20,

    /* U+6557 "敗" */
    0x0, 0x81, 0xf2, 0x4, 0x58, 0x11, 0x7f, 0x7d,
    0x11, 0x1c, 0x47, 0xc9, 0x11, 0x24, 0x44, 0xa1,
    0xf2, 0x84, 0x44, 0xb, 0x38, 0x45, 0x98, 0x8,
    0x20,

    /* U+6570 "数" */
    0x8, 0x41, 0x29, 0x6, 0xe4, 0x2, 0x3f, 0xfe,
    0x89, 0xb6, 0x29, 0x29, 0x8c, 0x14, 0xfe, 0x51,
    0x89, 0xc6, 0x42, 0x7, 0x14, 0x77, 0x8e, 0x4,
    0x0,

    /* U+6574 "整" */
    0x10, 0x47, 0xf2, 0x4, 0x3e, 0xfd, 0x25, 0x35,
    0x3f, 0x28, 0xe1, 0xda, 0xf1, 0x7f, 0xf3, 0xff,
    0x80, 0xfc, 0x24, 0x1, 0x20, 0x7f, 0xfc,

    /* U+6587 "文" */
    0x2, 0x0, 0x18, 0x3f, 0xfe, 0x20, 0x81, 0x4,
    0x8, 0x20, 0x22, 0x1, 0xb0, 0x5, 0x0, 0x38,
    0x3, 0x70, 0xe0, 0xfc, 0x1, 0x0,

    /* U+65AD "断" */
    0x8, 0x6, 0x5f, 0xab, 0x41, 0x7a, 0x8, 0x90,
    0x7e, 0xfe, 0x64, 0x93, 0xa4, 0xad, 0x26, 0x49,
    0x22, 0x49, 0x6, 0x4f, 0xe2, 0x1, 0x10,

    /* U+65B0 "新" */
    0x10, 0x0, 0x41, 0xef, 0xe8, 0x11, 0x20, 0x2c,
    0x83, 0xfa, 0x0, 0xf, 0xc4, 0x24, 0xff, 0x90,
    0x46, 0x45, 0x51, 0x35, 0x44, 0x93, 0x11, 0xc8,
    0x40,

    /* U+65B9 "方" */
    0x6, 0x0, 0x10, 0x3f, 0xfe, 0x20, 0x1, 0x0,
    0xf, 0xf0, 0x40, 0x82, 0x4, 0x30, 0x21, 0x1,
    0x8, 0x8, 0x80, 0xc8, 0x7c, 0x0,

    /* U+65CB "旋" */
    0x21, 0x1, 0x90, 0x3e, 0xfe, 0x88, 0x4, 0x7f,
    0xb8, 0x25, 0x49, 0xa, 0x4f, 0x52, 0x42, 0x92,
    0x15, 0xd1, 0x2b, 0x8b, 0x4f, 0x80, 0x0,

    /* U+65E0 "无" */
    0x7f, 0xf0, 0x10, 0x0, 0x80, 0xc, 0x0, 0x40,
    0x7f, 0xfc, 0x10, 0x1, 0xa0, 0x9, 0x0, 0xc8,
    0x44, 0x42, 0xc2, 0x1c, 0x1f, 0x0, 0x0,

    /* U+65E5 "日" */
    0xff, 0xe0, 0x18, 0x6, 0x1, 0x80, 0x7f, 0xf8,
    0x6, 0x1, 0x80, 0x60, 0x18, 0x7, 0xff, 0x80,
    0x40,

    /* U+65F6 "时" */
    0x0, 0x27, 0xc1, 0x22, 0x9, 0x1f, 0xf8, 0x82,
    0x44, 0x13, 0xe8, 0x91, 0x24, 0x89, 0x24, 0x49,
    0x22, 0x9, 0xf0, 0x48, 0x82, 0x0, 0xf0,

    /* U+660E "明" */
    0xf3, 0xf9, 0x21, 0x92, 0x19, 0x21, 0x93, 0xff,
    0x21, 0x92, 0x19, 0x21, 0x93, 0xff, 0x61, 0x4,
    0x10, 0x81, 0x18, 0xf0,

    /* U+6620 "映" */
    0x0, 0x87, 0x84, 0x3c, 0x21, 0x2f, 0xe9, 0x49,
    0x4a, 0x4b, 0xd2, 0x52, 0x92, 0x9f, 0xfc, 0x8c,
    0x24, 0x51, 0xe4, 0x48, 0x63, 0x84, 0x0,

    /* U+662F "是" */
    0x3f, 0xe1, 0x1, 0xf, 0xf8, 0x40, 0x43, 0xfe,
    0x10, 0x13, 0xff, 0xe0, 0x40, 0x22, 0x1, 0x1f,
    0x98, 0x80, 0xb4, 0x8, 0xff, 0x80, 0x0,

    /* U+663E "显" */
    0x3f, 0xe1, 0x1, 0xf, 0xf8, 0x40, 0x42, 0x2,
    0x1f, 0xf0, 0x24, 0x9, 0x22, 0x29, 0x21, 0xcb,
    0x2, 0x41, 0xff, 0xf0,

    /* U+6642 "時" */
    0x0, 0x87, 0x84, 0x25, 0xfd, 0x21, 0x9, 0x8,
    0x4f, 0xff, 0xc0, 0x12, 0x4, 0x97, 0xfc, 0x81,
    0x24, 0x89, 0xe6, 0x48, 0x2, 0x0, 0xf0,

    /* U+666E "普" */
    0x0, 0x0, 0x46, 0x3f, 0xfe, 0x11, 0x2, 0x8a,
    0x4, 0x43, 0xff, 0xe0, 0x0, 0x3f, 0xe1, 0x1,
    0xf, 0xf8, 0x40, 0x43, 0xfe, 0x10, 0x10,

    /* U+6670 "晰" */
    0x4, 0x7, 0x27, 0xe9, 0x21, 0x7d, 0xa, 0x48,
    0x52, 0x7f, 0xba, 0x55, 0xb2, 0xb4, 0x95, 0xa4,
    0xa9, 0x25, 0xca, 0x28, 0x51, 0x2, 0x88,

    /* U+6682 "暂" */
    0x20, 0x3, 0xfb, 0xe4, 0x8, 0x16, 0x20, 0x7e,
    0xfc, 0x66, 0x4f, 0xf1, 0x6, 0x44, 0x3f, 0xf0,
    0x80, 0x43, 0xff, 0x8, 0x4, 0x3f, 0xf0, 0x80,
    0x40,

    /* U+6696 "暖" */
    0x7, 0xff, 0x80, 0xa5, 0x25, 0x21, 0x49, 0x7f,
    0xf9, 0x2, 0x7f, 0xf2, 0x40, 0x97, 0xf7, 0xa9,
    0x21, 0x31, 0x13, 0xc0, 0x73, 0x80,

    /* U+66F2 "曲" */
    0x9, 0x0, 0x90, 0x9, 0xf, 0xff, 0x89, 0x18,
    0x91, 0x89, 0x1f, 0xff, 0x89, 0x18, 0x91, 0x89,
    0x18, 0x91, 0xff, 0xf8, 0x1,

    /* U+66F4 "更" */
    0xff, 0xf8, 0x8, 0x7, 0xff, 0x10, 0x84, 0x42,
    0x11, 0xff, 0xc4, 0x21, 0x1f, 0xfc, 0x22, 0x0,
    0xd0, 0x1, 0xc0, 0x7, 0xc0, 0xe1, 0xf8,

    /* U+66F8 "書" */
    0x2, 0x7, 0xff, 0x80, 0x85, 0xff, 0xf0, 0x21,
    0x3f, 0xfb, 0xff, 0xc0, 0x40, 0xfd, 0xfb, 0xff,
    0x10, 0x8, 0xff, 0xc7, 0xfe, 0x20, 0x10,

    /* U+6700 "最" */
    0x3f, 0xf0, 0xff, 0xc2, 0x1, 0xf, 0xfc, 0x20,
    0x13, 0xff, 0xf2, 0x20, 0xf, 0xfe, 0x22, 0x88,
    0xf9, 0x42, 0x26, 0x3f, 0xbc, 0x3, 0x8c,

    /* U+6709 "有" */
    0x4, 0x0, 0x60, 0x3f, 0xfe, 0x30, 0x1, 0x0,
    0x1f, 0xf1, 0xc0, 0x9f, 0xfc, 0xb0, 0x21, 0x81,
    0xf, 0xf8, 0x60, 0x43, 0x2, 0x18, 0xf0,

    /* U+670D "服" */
    0x7b, 0xf9, 0x28, 0x24, 0xa0, 0x92, 0x9c, 0x7a,
    0x1, 0x2f, 0xe4, 0xa8, 0x9e, 0xa2, 0x4a, 0xd1,
    0x29, 0xc4, 0xa6, 0x32, 0xb6, 0xbb, 0xc,

    /* U+671F "期" */
    0x44, 0x2, 0x27, 0xff, 0xa2, 0x89, 0x17, 0xcf,
    0xa2, 0x45, 0x12, 0x2f, 0x91, 0x44, 0xff, 0xf4,
    0x42, 0x22, 0xdb, 0x14, 0x50, 0xc1, 0x9c,

    /* U+672A "未" */
    0x2, 0x0, 0x10, 0x0, 0x80, 0xff, 0xe0, 0x20,
    0x1, 0x3, 0xff, 0xe0, 0xe0, 0xf, 0x80, 0xd6,
    0xc, 0x98, 0xc4, 0x78, 0x20, 0x81, 0x0,

    /* U+672C "本" */
    0x2, 0x0, 0x10, 0x0, 0x81, 0xff, 0xf0, 0x70,
    0x3, 0x80, 0x2a, 0x2, 0x48, 0x22, 0x63, 0x11,
    0xb7, 0xf6, 0x4, 0x0, 0x20, 0x1, 0x0,

    /* U+672F "术" */
    0x2, 0x0, 0x12, 0x0, 0x88, 0x4, 0xf, 0xff,
    0x83, 0x80, 0x3c, 0x1, 0x50, 0x12, 0x41, 0x13,
    0x18, 0x8d, 0x84, 0x30, 0x20, 0x1, 0x0,

    /* U+673A "机" */
    0x20, 0x0, 0x8f, 0x82, 0x22, 0x3e, 0x88, 0x22,
    0x20, 0x88, 0x87, 0xa2, 0x1a, 0x88, 0xa2, 0x22,
    0x88, 0xb2, 0x62, 0x89, 0xa, 0x2c, 0x38, 0xa0,
    0x0,

    /* U+676F "杯" */
    0x20, 0x1, 0x3f, 0xc8, 0x21, 0xf1, 0x2, 0x10,
    0x38, 0xc1, 0xef, 0x8c, 0xd6, 0xa4, 0x95, 0x64,
    0x4a, 0x20, 0x41, 0x2, 0x8, 0x10, 0x40,

    /* U+677F "板" */
    0x20, 0x8, 0x9f, 0xf2, 0x40, 0x3f, 0x0, 0x24,
    0x0, 0x9f, 0xe7, 0x50, 0x9b, 0x26, 0xa4, 0x92,
    0x93, 0x42, 0x46, 0x9, 0x18, 0x29, 0x98, 0xa8,
    0x20,

    /* U+679C "果" */
    0x7f, 0xf2, 0x10, 0x9f, 0xfc, 0x84, 0x24, 0x21,
    0x3f, 0xf8, 0x8, 0x1f, 0xff, 0xf, 0x0, 0xd6,
    0xc, 0x99, 0x84, 0x30, 0x20, 0x0,

    /* U+67E5 "查" */
    0x2, 0x0, 0x10, 0x3f, 0xfe, 0x1f, 0x3, 0x2e,
    0x70, 0x1e, 0xff, 0xa4, 0x4, 0x3f, 0xe1, 0x1,
    0xf, 0xf8, 0x40, 0x4f, 0xff, 0x80,

    /* U+6807 "标" */
    0x20, 0x0, 0x8f, 0xe2, 0x0, 0x3e, 0x0, 0x20,
    0x0, 0x9f, 0xf7, 0x84, 0x1a, 0x10, 0xa2, 0x52,
    0x99, 0x22, 0x44, 0x8b, 0x13, 0x20, 0x40, 0x8f,
    0x0,

    /* U+6821 "校" */
    0x20, 0xc0, 0x81, 0x2, 0x7f, 0xfe, 0x0, 0x21,
    0x30, 0xcc, 0x66, 0xa0, 0x99, 0x44, 0xa1, 0x22,
    0x82, 0x82, 0xc, 0x8, 0x38, 0x23, 0x1c, 0x90,
    0x0,

    /* U+683C "格" */
    0x21, 0x80, 0x84, 0x2, 0x3f, 0xbe, 0xc6, 0x25,
    0x90, 0xd3, 0x87, 0x8f, 0x1a, 0xc7, 0xa4, 0x2,
    0x8f, 0xe2, 0x20, 0x88, 0x82, 0x23, 0xf8, 0x88,
    0x20,

    /* U+684C "桌" */
    0x2, 0x0, 0x1f, 0x80, 0x80, 0xff, 0xc4, 0x2,
    0x3f, 0xf1, 0x0, 0x8f, 0xfc, 0x2, 0x7, 0xff,
    0xc2, 0xc0, 0x65, 0x8e, 0x23, 0xc1, 0x0,

    /* U+68AF "梯" */
    0x26, 0x21, 0x1a, 0xb, 0xfd, 0xe1, 0x26, 0x9,
    0x33, 0xf9, 0xd2, 0x15, 0x10, 0xaf, 0xfd, 0xc,
    0x48, 0xa4, 0x59, 0xe3, 0x8, 0x10, 0x40,

    /* U+68C0 "检" */
    0x20, 0xc0, 0x83, 0x2, 0x12, 0x3e, 0x84, 0x26,
    0xd, 0xdf, 0xc6, 0x80, 0x29, 0x24, 0xa4, 0x92,
    0x8b, 0x42, 0x22, 0x8, 0x8, 0x27, 0xfc, 0x80,
    0x0,

    /* U+691C "検" */
    0x20, 0x80, 0x87, 0x2, 0x36, 0x3d, 0x8c, 0x6f,
    0xfd, 0x82, 0x7, 0x7f, 0xaf, 0x22, 0xa4, 0x8a,
    0x9f, 0xe2, 0x14, 0x8, 0x50, 0x26, 0x30, 0xb0,
    0x20,

    /* U+697D "楽" */
    0x2, 0x6, 0x7c, 0x9a, 0x38, 0x51, 0x0, 0xf8,
    0x1c, 0x61, 0xa2, 0xd1, 0xf3, 0x2, 0x7, 0xff,
    0xc3, 0xc0, 0x35, 0x8e, 0x23, 0xc1, 0x4,

    /* U+6A19 "標" */
    0x20, 0x0, 0xbf, 0xe2, 0x14, 0x3d, 0xfe, 0x65,
    0x49, 0x95, 0x27, 0x7f, 0xa8, 0xfc, 0xa0, 0x0,
    0xbf, 0xe2, 0x8, 0x9, 0xac, 0x2c, 0x98, 0x86,
    0x0,

    /* U+6A21 "模" */
    0x21, 0x20, 0x9f, 0xe2, 0x12, 0x3e, 0x0, 0x23,
    0xf9, 0x88, 0x27, 0x3f, 0x9a, 0x82, 0xa3, 0xfa,
    0x82, 0x2, 0x7f, 0x88, 0x30, 0x23, 0x30, 0xb0,
    0x20,

    /* U+6B21 "次" */
    0x43, 0x1, 0x88, 0x2, 0x3f, 0x85, 0x2, 0x4,
    0x98, 0x2, 0x41, 0x8, 0xc, 0x50, 0x21, 0x41,
    0xc, 0x8c, 0x63, 0x3, 0x6, 0x18, 0x8,

    /* U+6B62 "止" */
    0x1, 0x0, 0x8, 0x0, 0x40, 0x42, 0x2, 0x1f,
    0x10, 0x80, 0x84, 0x4, 0x20, 0x21, 0x1, 0x8,
    0x8, 0x40, 0x42, 0xf, 0xff, 0x80,

    /* U+6B63 "正" */
    0x7f, 0xf8, 0x4, 0x0, 0x10, 0x8, 0x40, 0x21,
    0xf8, 0x84, 0x2, 0x10, 0x8, 0x40, 0x21, 0x0,
    0x84, 0xf, 0xff, 0xc0,

    /* U+6B65 "步" */
    0x2, 0x0, 0x10, 0x8, 0xfc, 0x44, 0x2, 0x20,
    0x7f, 0xff, 0xff, 0xe0, 0x40, 0x32, 0x3, 0x13,
    0x30, 0xb0, 0x7, 0x1, 0xe0, 0x78, 0x0,

    /* U+6BD4 "比" */
    0x2, 0x4, 0x10, 0x20, 0x85, 0x4, 0x68, 0x26,
    0x7d, 0x62, 0xe, 0x10, 0x40, 0x82, 0x4, 0x10,
    0x20, 0x87, 0x34, 0x2e, 0x21, 0x41, 0xf8,

    /* U+6C7A "決" */
    0x0, 0x80, 0x82, 0x1, 0x8, 0x3, 0xfc, 0x40,
    0x91, 0x82, 0x40, 0x9, 0x3, 0xff, 0x21, 0x80,
    0x87, 0x2, 0x36, 0x19, 0x8c, 0x4c, 0x1d, 0x20,
    0x0,

    /* U+6CD5 "法" */
    0x40, 0x81, 0x82, 0x3, 0x8, 0x1, 0xfe, 0x0,
    0x81, 0x82, 0x2, 0x8, 0x3, 0xff, 0x21, 0x80,
    0x84, 0x2, 0x23, 0x11, 0x84, 0x4f, 0xfb, 0x0,
    0x30,

    /* U+6D4B "测" */
    0x0, 0xa, 0x7c, 0x4e, 0x2a, 0x15, 0x54, 0xaa,
    0xb5, 0x54, 0xaa, 0xa1, 0x55, 0x2a, 0xa9, 0x55,
    0x48, 0x8a, 0xce, 0x14, 0xc8, 0xa8, 0x1c,

    /* U+6D88 "消" */
    0x8, 0x8a, 0x64, 0x49, 0xa4, 0x1, 0x8, 0xff,
    0xa4, 0x4, 0x20, 0x21, 0xff, 0x48, 0xa, 0x40,
    0x53, 0xfe, 0x90, 0x1c, 0x80, 0xc4, 0x3c,

    /* U+6DF1 "深" */
    0x40, 0x3, 0x7f, 0xce, 0x2, 0x2, 0x80, 0x22,
    0x22, 0x8, 0x82, 0x1, 0xff, 0x21, 0xc1, 0x16,
    0x19, 0xa8, 0x99, 0x34, 0x88, 0xa0, 0x40,

    /* U+6DFB "添" */
    0x40, 0x1, 0x9f, 0xe3, 0x8, 0x0, 0x20, 0xcf,
    0xfd, 0x84, 0x82, 0x23, 0x1, 0x26, 0x18, 0x8c,
    0x9b, 0xe6, 0x4a, 0x93, 0x29, 0x40, 0xa1, 0xe,
    0x0,

    /* U+6E05 "清" */
    0x40, 0xc0, 0xbf, 0xf1, 0xc, 0x1, 0xfe, 0x40,
    0xc1, 0xbf, 0xf2, 0x0, 0x1, 0xfe, 0x24, 0x8,
    0x9f, 0xe2, 0x7f, 0x99, 0x2, 0x44, 0x9, 0x11,
    0xe0,

    /* U+6E08 "済" */
    0x0, 0x81, 0x2, 0x2, 0xff, 0xc0, 0x8c, 0x3,
    0x61, 0x7, 0x2, 0x7f, 0x7, 0x3, 0x27, 0xf1,
    0x90, 0x44, 0x41, 0x11, 0xfc, 0x48, 0x13, 0x40,
    0x40,

    /* U+6E29 "温" */
    0x40, 0x1, 0x9f, 0xc3, 0x41, 0x1, 0xfc, 0xc4,
    0x11, 0x9f, 0xc2, 0x41, 0x0, 0x0, 0x2f, 0xf8,
    0xa5, 0x26, 0x94, 0x92, 0x52, 0x5f, 0xfc, 0x0,
    0x0,

    /* U+6E80 "満" */
    0x2, 0x46, 0x12, 0x1f, 0xfe, 0x4, 0x89, 0xff,
    0xe0, 0x81, 0x4, 0x3, 0xff, 0x11, 0xa, 0xa9,
    0x55, 0x4b, 0xaf, 0xd9, 0x0, 0xc8, 0x18,

    /* U+6E90 "源" */
    0x0, 0x3, 0x7f, 0xca, 0x30, 0x11, 0x8, 0xbf,
    0x65, 0x8, 0xaf, 0xc1, 0x42, 0x4b, 0xf2, 0x52,
    0x96, 0x58, 0xa4, 0xad, 0x44, 0xd0, 0xe0,

    /* U+6E96 "準" */
    0x44, 0x83, 0x24, 0x3, 0xfd, 0x11, 0x7, 0xff,
    0xc, 0x40, 0xbf, 0xcd, 0x10, 0x4f, 0xf6, 0x40,
    0x3f, 0xfe, 0x4, 0x0, 0x20, 0x1, 0x0,

    /* U+6ED1 "滑" */
    0x67, 0xf8, 0xd0, 0x20, 0x7c, 0x91, 0x12, 0x6f,
    0xfc, 0xa0, 0x10, 0x7f, 0x89, 0x2, 0x27, 0xf8,
    0x9f, 0xe6, 0x40, 0x91, 0x2, 0x44, 0x70,

    /* U+6EE1 "满" */
    0x82, 0x43, 0xff, 0xc0, 0x90, 0x0, 0x9, 0xff,
    0xe1, 0x21, 0x9, 0x3, 0xff, 0x12, 0x4a, 0x92,
    0x55, 0x6a, 0xb9, 0x3d, 0x0, 0xc8, 0x18,

    /* U+6FC3 "濃" */
    0x1, 0x41, 0x3f, 0xe2, 0x94, 0x83, 0xfe, 0x89,
    0x49, 0x3f, 0xe0, 0xff, 0x82, 0x0, 0x2b, 0xf9,
    0xa0, 0x4, 0xff, 0x92, 0x96, 0x52, 0x22, 0xce,
    0x60,

    /* U+7070 "灰" */
    0x8, 0x0, 0x20, 0x7, 0xff, 0xc2, 0x20, 0x8,
    0x80, 0x32, 0x21, 0x48, 0x84, 0xb4, 0x12, 0xc0,
    0x87, 0x82, 0x12, 0x10, 0x86, 0x4c, 0xc, 0x0,
    0x0,

    /* U+70B9 "点" */
    0x2, 0x0, 0x10, 0x0, 0xfe, 0x4, 0x0, 0x20,
    0x1f, 0xf8, 0x80, 0x44, 0x2, 0x3f, 0xf1, 0x0,
    0x80, 0x0, 0x53, 0x24, 0x48, 0xe2, 0x44,

    /* U+70E7 "烧" */
    0x21, 0x0, 0x84, 0x72, 0x7f, 0x2a, 0x22, 0xa8,
    0xf5, 0xc7, 0x92, 0x73, 0xc8, 0x0, 0x27, 0xfc,
    0xc4, 0x85, 0x92, 0x12, 0xc9, 0x46, 0x26, 0x30,
    0xf0,

    /* U+7121 "無" */
    0x20, 0x1, 0x0, 0x1f, 0xfe, 0xca, 0x4a, 0x52,
    0x12, 0x93, 0xff, 0xc4, 0xa4, 0x25, 0x27, 0xff,
    0xc0, 0x0, 0x93, 0x24, 0xc9, 0xc0, 0x0,

    /* U+7126 "焦" */
    0x13, 0x1, 0x8, 0xf, 0xfe, 0xc2, 0x6, 0x10,
    0x5f, 0xf8, 0x84, 0x7, 0xfe, 0x21, 0x1, 0xff,
    0xc0, 0x0, 0xd1, 0x24, 0x48, 0x80, 0x0,

    /* U+7136 "然" */
    0x10, 0x40, 0x41, 0x63, 0xe4, 0xc8, 0x90, 0x57,
    0xfd, 0x31, 0x8a, 0x46, 0x6, 0x24, 0x11, 0x98,
    0x8c, 0x34, 0x0, 0xa, 0x22, 0x44, 0xcd, 0x19,
    0x10,

    /* U+7167 "照" */
    0x7b, 0xf9, 0x22, 0x24, 0x88, 0x92, 0x5e, 0x7b,
    0x1, 0x27, 0xe4, 0x90, 0x92, 0x42, 0x79, 0xf8,
    0x0, 0x4, 0x89, 0x93, 0x32, 0xc4, 0x0,

    /* U+71C3 "燃" */
    0x22, 0x20, 0x88, 0xa2, 0x7a, 0xed, 0x28, 0xb4,
    0xfd, 0xac, 0x82, 0xd5, 0x8, 0xd4, 0x22, 0xd8,
    0xd2, 0x37, 0x0, 0x11, 0x52, 0x45, 0x2a, 0x22,
    0x10,

    /* U+7247 "片" */
    0x0, 0x81, 0x4, 0x8, 0x20, 0x41, 0x3, 0xff,
    0x90, 0x0, 0x80, 0x4, 0x0, 0x3f, 0xc1, 0x6,
    0x8, 0x30, 0x81, 0x8c, 0xc, 0x40, 0x60,

    /* U+7248 "版" */
    0x10, 0x1, 0x4f, 0xe5, 0x20, 0x14, 0x80, 0x52,
    0x1, 0xff, 0xe4, 0x28, 0x90, 0xa4, 0x72, 0x91,
    0x4b, 0x45, 0x26, 0x15, 0x98, 0xd4, 0x9a, 0x5c,
    0x20,

    /* U+7259 "牙" */
    0xff, 0xf8, 0x6, 0x8, 0x30, 0xc1, 0x84, 0xc,
    0x3f, 0xfc, 0xf, 0x0, 0xd8, 0xc, 0xc0, 0xc6,
    0xc, 0x31, 0x81, 0x8, 0x78, 0x0,

    /* U+7269 "物" */
    0x11, 0x2, 0x88, 0x14, 0xfe, 0xf5, 0x55, 0x4a,
    0xca, 0x54, 0x44, 0xa3, 0x29, 0x73, 0x4a, 0x92,
    0x45, 0x22, 0x2b, 0x11, 0x31, 0x89, 0x38,

    /* U+7279 "特" */
    0x10, 0x41, 0x41, 0x5, 0x7f, 0x9e, 0x10, 0x50,
    0x41, 0x5f, 0xf9, 0x0, 0x6, 0x4, 0x77, 0xfc,
    0x48, 0x41, 0x31, 0x4, 0x44, 0x10, 0x10, 0x43,
    0x80,

    /* U+72EC "独" */
    0x0, 0x86, 0x84, 0x14, 0x20, 0x4f, 0xe6, 0x49,
    0x4a, 0x48, 0xd2, 0x46, 0xfe, 0x54, 0x84, 0x84,
    0x4, 0x24, 0x23, 0xee, 0xe0, 0x80,

    /* U+7387 "率" */
    0x2, 0x0, 0x10, 0x3f, 0xfe, 0xc, 0x4, 0xd9,
    0x17, 0x10, 0xd4, 0x9f, 0xf7, 0xd0, 0x48, 0x10,
    0x3f, 0xfe, 0x4, 0x0, 0x20, 0x1, 0x0,

    /* U+73AF "环" */
    0x7, 0xff, 0xc4, 0x8, 0x20, 0x43, 0xf, 0x90,
    0x11, 0xd0, 0x8a, 0xc4, 0xd2, 0x3c, 0x9e, 0x64,
    0x40, 0x20, 0x1, 0x0, 0x8, 0x0,

    /* U+751F "生" */
    0x2, 0x0, 0x90, 0x8, 0x80, 0x7f, 0xe4, 0x20,
    0x61, 0x2, 0x8, 0xf, 0xfe, 0x2, 0x0, 0x10,
    0x0, 0x80, 0x4, 0xf, 0xff, 0x80,

    /* U+7528 "用" */
    0x3f, 0xf9, 0x8, 0x48, 0x42, 0x42, 0x13, 0xff,
    0x90, 0x84, 0x84, 0x27, 0xff, 0x21, 0x9, 0x8,
    0x50, 0x42, 0x82, 0x14, 0x17, 0x80,

    /* U+7531 "由" */
    0x4, 0x0, 0x80, 0x10, 0x7f, 0xf8, 0x43, 0x8,
    0x61, 0xf, 0xff, 0x84, 0x30, 0x86, 0x10, 0xc2,
    0x1f, 0xff, 0x0, 0x40,

    /* U+7535 "电" */
    0x4, 0x0, 0x20, 0x3f, 0xf9, 0x8, 0x48, 0x42,
    0x7f, 0xf2, 0x10, 0x90, 0x84, 0x84, 0x27, 0xff,
    0x21, 0x6, 0x8, 0x20, 0x7f, 0x0,

    /* U+753B "画" */
    0xff, 0xf8, 0x0, 0x7, 0xf0, 0xa4, 0x95, 0x24,
    0xaf, 0xe5, 0x49, 0x2a, 0x49, 0x5f, 0xca, 0x82,
    0x50, 0x2, 0xff, 0xf0, 0x0, 0x80,

    /* U+7565 "略" */
    0x1, 0x7, 0xdf, 0xaa, 0x85, 0x5a, 0x4a, 0x8c,
    0x7c, 0xf2, 0xac, 0xf5, 0xc1, 0xab, 0xf5, 0x50,
    0xbe, 0x85, 0x17, 0xe0, 0x21, 0x0,

    /* U+7570 "異" */
    0x7f, 0xf2, 0x10, 0x9f, 0xfc, 0x84, 0x27, 0xff,
    0x24, 0x48, 0x22, 0xf, 0xfe, 0x8, 0x87, 0xff,
    0xc2, 0x20, 0x60, 0xec, 0x1, 0x0,

    /* U+767D "白" */
    0x8, 0x1, 0x3, 0xff, 0xc0, 0x18, 0x3, 0x0,
    0x60, 0xf, 0xff, 0x80, 0x30, 0x6, 0x0, 0xc0,
    0x1f, 0xff, 0x0, 0x40,

    /* U+767E "百" */
    0xff, 0xf8, 0x10, 0x0, 0x80, 0xff, 0xe4, 0x1,
    0x20, 0x9, 0x0, 0x4f, 0xfe, 0x40, 0x12, 0x0,
    0x90, 0x4, 0xff, 0xe4, 0x1, 0x0,

    /* U+7684 "的" */
    0x21, 0x6, 0x10, 0xfb, 0xf8, 0xa1, 0x8e, 0x18,
    0xb1, 0xf9, 0x98, 0x89, 0x88, 0x18, 0x81, 0xf8,
    0x18, 0x91, 0x89, 0xe0,

    /* U+76D8 "盘" */
    0x6, 0x1, 0xff, 0x9, 0x88, 0x42, 0x4f, 0xff,
    0x92, 0x11, 0x8a, 0x98, 0x8, 0x3f, 0xe1, 0x29,
    0x9, 0x49, 0xff, 0xf0,

    /* U+76EE "目" */
    0xff, 0xe0, 0x18, 0x6, 0x1, 0xff, 0xe0, 0x18,
    0x7, 0xff, 0x80, 0x60, 0x18, 0x7, 0xff, 0x80,
    0x40,

    /* U+76F4 "直" */
    0x2, 0x0, 0x8, 0xf, 0xff, 0xc0, 0x80, 0x3f,
    0xf0, 0x80, 0x43, 0xff, 0x8, 0x4, 0x3f, 0xf0,
    0x80, 0x43, 0xff, 0x8, 0x4, 0xff, 0xfc,

    /* U+76F8 "相" */
    0x20, 0x1, 0x1f, 0xc8, 0x83, 0xf4, 0x12, 0x20,
    0x91, 0xfd, 0xc8, 0x2d, 0x41, 0xa3, 0xfd, 0x10,
    0x48, 0x82, 0x44, 0x12, 0x3f, 0x91, 0x4,

    /* U+770B "看" */
    0x7f, 0xf0, 0x20, 0x1f, 0xfc, 0x18, 0xf, 0xff,
    0x88, 0x0, 0xff, 0x8e, 0x4, 0xdf, 0xe4, 0x81,
    0x7, 0xf8, 0x3f, 0xc1, 0x2, 0x0,

    /* U+771F "真" */
    0x2, 0x7, 0xff, 0xc0, 0x80, 0x7f, 0xc2, 0x2,
    0x1f, 0xf0, 0x80, 0x87, 0xfc, 0x20, 0x21, 0xff,
    0x3f, 0xfe, 0x11, 0x7, 0x7, 0x0, 0x0,

    /* U+7720 "眠" */
    0xf7, 0xf4, 0xa0, 0xa5, 0x5, 0xef, 0xe9, 0x49,
    0x4a, 0x42, 0x52, 0x1e, 0xff, 0x94, 0x84, 0xa4,
    0x7d, 0x53, 0x2c, 0x90, 0x43, 0x0,

    /* U+7801 "码" */
    0x3, 0xef, 0x82, 0x22, 0x26, 0x22, 0x42, 0x27,
    0xa2, 0xcb, 0xfc, 0x81, 0x4f, 0xf4, 0x81, 0x78,
    0x14, 0x89, 0x0, 0xf0,

    /* U+7834 "破" */
    0x0, 0x43, 0xe1, 0x2, 0x7f, 0xc9, 0x11, 0x44,
    0x45, 0x11, 0x7, 0xff, 0xb3, 0x42, 0xcd, 0x19,
    0x32, 0x44, 0xca, 0x1f, 0x18, 0x49, 0xb8, 0x28,
    0x20,

    /* U+786E "确" */
    0x1, 0x7, 0xdf, 0x9, 0x88, 0x9f, 0xf4, 0x24,
    0xb9, 0x27, 0x4f, 0xfa, 0x49, 0x52, 0x4a, 0x9f,
    0xdd, 0x92, 0x88, 0x90, 0xc7, 0x80,

    /* U+78BA "確" */
    0x0, 0x40, 0x6, 0x3f, 0xfe, 0x4b, 0x16, 0x12,
    0x21, 0xfd, 0xf8, 0x99, 0xff, 0xca, 0x22, 0x51,
    0x12, 0xfe, 0xf4, 0x44, 0xbf, 0x81, 0x0,

    /* U+793A "示" */
    0x7f, 0xf8, 0x0, 0x0, 0x0, 0x0, 0x0, 0xff,
    0xfc, 0x4, 0x1, 0x12, 0xc, 0x4c, 0x21, 0x11,
    0x84, 0x64, 0x10, 0xe0, 0x41, 0xf, 0x0,

    /* U+79BB "离" */
    0x2, 0x7, 0xff, 0xd6, 0x34, 0x8e, 0x25, 0x8d,
    0x3f, 0xf8, 0x8, 0xf, 0xfe, 0x44, 0x12, 0x44,
    0x97, 0xf4, 0x80, 0x24, 0x7, 0x0,

    /* U+79D2 "秒" */
    0x8, 0x43, 0xc1, 0x2, 0x15, 0x8, 0x92, 0xfa,
    0x48, 0x99, 0x17, 0x44, 0x9a, 0x12, 0xa0, 0x12,
    0x80, 0xc2, 0x6, 0x8, 0x60, 0x27, 0x0, 0xb0,
    0x0,

    /* U+79F0 "称" */
    0x1, 0x83, 0xec, 0x2, 0x3f, 0xbf, 0x92, 0x20,
    0x40, 0xc5, 0x46, 0xa5, 0x1a, 0x92, 0xe6, 0x4a,
    0x91, 0x32, 0x44, 0x48, 0x10, 0x21, 0xc0,

    /* U+79FB "移" */
    0x1, 0x83, 0xe7, 0xe2, 0x20, 0x89, 0x6c, 0xf8,
    0xe0, 0x8e, 0x7, 0xcf, 0xda, 0x42, 0xa2, 0x1a,
    0x92, 0xc2, 0x6, 0x8, 0x60, 0x26, 0x0,

    /* U+7A0B "程" */
    0x7b, 0xfa, 0x88, 0x22, 0x20, 0x88, 0xfe, 0xfa,
    0x8, 0xdf, 0xf7, 0x84, 0x1a, 0x10, 0xa3, 0xfa,
    0x81, 0x2, 0x4, 0x9, 0xff, 0x20, 0x0,

    /* U+7A0D "稍" */
    0x0, 0x40, 0x39, 0x2f, 0xa4, 0x88, 0x54, 0x20,
    0x43, 0xff, 0xe2, 0x60, 0x9d, 0xfe, 0x6e, 0x9,
    0xb8, 0x2a, 0x7f, 0xa9, 0x82, 0x26, 0x8, 0x99,
    0xe0,

    /* U+7A7A "空" */
    0x1, 0x0, 0x4, 0x7, 0xff, 0xd0, 0x1, 0x4c,
    0x64, 0x60, 0xe6, 0x0, 0xcf, 0xfe, 0x1, 0x0,
    0x4, 0x0, 0x10, 0x0, 0x40, 0x7f, 0xfc,

    /* U+7A97 "窗" */
    0x3, 0x1, 0xff, 0xf4, 0x40, 0x4e, 0x5c, 0x7f,
    0xfc, 0x98, 0x22, 0x7e, 0x8a, 0x12, 0x23, 0x88,
    0x9b, 0x22, 0x80, 0x8f, 0xfe, 0x20, 0x8,

    /* U+7ACB "立" */
    0x0, 0x0, 0x30, 0x0, 0x81, 0xff, 0xf0, 0x0,
    0x10, 0x10, 0xc1, 0x82, 0x8, 0x18, 0x40, 0x44,
    0x2, 0x20, 0x3, 0xf, 0xff, 0x80,

    /* U+7AEF "端" */
    0x40, 0xc0, 0x93, 0x22, 0x4c, 0xbe, 0xfe, 0x0,
    0xa, 0x5f, 0xf5, 0xc, 0x14, 0x20, 0x57, 0xf9,
    0x54, 0xa1, 0x52, 0x9f, 0x4a, 0x85, 0x28, 0x10,
    0x60,

    /* U+7B2C "第" */
    0x30, 0x81, 0x4, 0x1f, 0xfe, 0xa6, 0xc7, 0xff,
    0x1, 0x8, 0xff, 0xc8, 0x42, 0x42, 0x3, 0xff,
    0xc3, 0x82, 0x34, 0x36, 0x27, 0x1, 0x0,

    /* U+7C7B "类" */
    0x2, 0x1, 0x11, 0x84, 0x90, 0x4, 0xf, 0xff,
    0x87, 0x80, 0xcb, 0x98, 0x3, 0x2, 0x7, 0xff,
    0xc1, 0x40, 0x1b, 0x1, 0x8e, 0x70, 0x1c,

    /* U+7CFB "系" */
    0x0, 0x37, 0xff, 0x81, 0x80, 0x10, 0xc3, 0xc,
    0x3f, 0x80, 0x11, 0x3, 0xc, 0x7f, 0xf0, 0x10,
    0x8c, 0xb0, 0xc4, 0xcc, 0x21, 0x47, 0x0,

    /* U+7D14 "純" */
    0x20, 0x81, 0x4, 0x11, 0xfe, 0xa1, 0x9, 0x29,
    0x71, 0x49, 0x4a, 0x59, 0x52, 0xf9, 0xf0, 0x4,
    0x2a, 0x23, 0x51, 0x1a, 0x4c, 0xc0, 0x3c,

    /* U+7D22 "索" */
    0x1, 0x0, 0x4, 0x7, 0xff, 0xc0, 0x40, 0x7f,
    0xfd, 0x8, 0x14, 0xc4, 0x47, 0xe0, 0x4, 0x30,
    0xff, 0xe0, 0x10, 0x6, 0x4c, 0x71, 0x1d, 0x1c,
    0x10,

    /* U+7D3A "紺" */
    0x22, 0x11, 0x10, 0x90, 0x84, 0xbf, 0xf9, 0x21,
    0x71, 0x8, 0xc8, 0x49, 0x7e, 0xfa, 0x10, 0x10,
    0xaa, 0x85, 0x54, 0x2a, 0x3f, 0x41, 0x8,

    /* U+7D4C "経" */
    0x0, 0x1, 0x3f, 0x88, 0x84, 0x92, 0x45, 0x16,
    0x78, 0x60, 0x9c, 0xe9, 0x88, 0x78, 0x42, 0x5f,
    0x9a, 0x11, 0x50, 0x89, 0x7f, 0x80,

    /* U+7D9A "続" */
    0x20, 0xc1, 0x6, 0x11, 0xfe, 0x81, 0x89, 0x3f,
    0x70, 0x0, 0x9f, 0xea, 0x81, 0xfd, 0x2c, 0x9,
    0x1a, 0x4b, 0x56, 0x5a, 0xa2, 0xd6, 0x1c,

    /* U+7DDA "線" */
    0x20, 0x81, 0x3f, 0x91, 0x4, 0xaf, 0xee, 0x41,
    0x12, 0x9, 0x5f, 0xdf, 0xfa, 0x1, 0xe3, 0x95,
    0x1a, 0xa5, 0x59, 0x30, 0x38, 0x0,

    /* U+7EA7 "级" */
    0x30, 0x1, 0x3f, 0x98, 0x8c, 0x94, 0x49, 0x26,
    0x71, 0xb8, 0x8c, 0x48, 0x62, 0x72, 0xa0, 0x37,
    0xd, 0x19, 0x99, 0x40, 0xb1, 0x81, 0x0,

    /* U+7EBF "线" */
    0x21, 0x43, 0x9, 0x90, 0x41, 0xa3, 0xf9, 0xf0,
    0x70, 0x80, 0x85, 0xe9, 0xf0, 0x91, 0x97, 0x5,
    0x0, 0x32, 0x63, 0x9c, 0x66, 0x84, 0x18,

    /* U+7ECF "经" */
    0x20, 0x1, 0x3f, 0x90, 0x8, 0xa0, 0x89, 0xc,
    0x71, 0x98, 0xb0, 0x68, 0x0, 0xb7, 0xf6, 0x4,
    0x0, 0x21, 0xe1, 0x0, 0xff, 0x80,

    /* U+7EDC "络" */
    0x1, 0x0, 0x84, 0x2, 0x1f, 0x92, 0xc2, 0x4f,
    0x93, 0xd3, 0x83, 0xe, 0x8, 0xee, 0x46, 0xd,
    0xef, 0xe0, 0x20, 0x9e, 0x82, 0x3, 0xf8, 0x8,
    0x20,

    /* U+7EDF "统" */
    0x20, 0x81, 0x4, 0x13, 0xfe, 0xa2, 0x9, 0x22,
    0x72, 0x18, 0xbf, 0xc8, 0x49, 0xb2, 0x47, 0x12,
    0x0, 0x92, 0xec, 0x9c, 0xc4, 0x8c, 0x3c,

    /* U+7EF4 "维" */
    0x1, 0x0, 0xc4, 0x82, 0x10, 0x1a, 0xff, 0x5e,
    0x21, 0xd8, 0x82, 0x3f, 0xc8, 0x88, 0x5a, 0x21,
    0x8f, 0xf0, 0x22, 0x6, 0x88, 0x63, 0xfc, 0x8,
    0x0,

    /* U+7F06 "缆" */
    0x31, 0x20, 0x95, 0x6, 0x57, 0xd5, 0x50, 0x55,
    0x13, 0xc0, 0x2, 0x7f, 0x19, 0x4, 0x44, 0x91,
    0xd2, 0x40, 0x4d, 0x7e, 0x53, 0x83, 0x4c, 0x31,
    0xe0,

    /* U+7F29 "缩" */
    0x0, 0x40, 0x81, 0x2, 0x7f, 0xd1, 0x1, 0x53,
    0xff, 0xc8, 0x82, 0x62, 0x19, 0xbe, 0x52, 0x88,
    0x8b, 0xe0, 0x28, 0xbc, 0xa2, 0x2, 0xf8, 0xa,
    0x20,

    /* U+7F51 "网" */
    0xff, 0xf8, 0x1, 0x80, 0x1e, 0xe5, 0xab, 0x59,
    0x99, 0x90, 0x99, 0x99, 0xad, 0x5e, 0x25, 0x82,
    0x18, 0x1, 0x80, 0xf0,

    /* U+7F6E "置" */
    0x7f, 0xf9, 0x12, 0x27, 0xff, 0x80, 0x80, 0xff,
    0xfc, 0x8, 0x3, 0xdf, 0xf, 0xfc, 0x20, 0x10,
    0xff, 0xc3, 0xff, 0x8, 0x4, 0xff, 0xfc,

    /* U+8001 "老" */
    0x4, 0x0, 0x20, 0x1f, 0xe4, 0x8, 0x40, 0x4c,
    0x7f, 0xfc, 0x1c, 0x3, 0x80, 0x70, 0xe4, 0xf8,
    0x84, 0x4, 0x20, 0x60, 0xfe, 0x0,

    /* U+8005 "者" */
    0x4, 0x0, 0x20, 0x9f, 0xec, 0x8, 0xc0, 0x4c,
    0x7f, 0xfc, 0x18, 0x3, 0xfc, 0xf0, 0x24, 0x81,
    0x7, 0xf8, 0x20, 0x41, 0xfe, 0x8, 0x10,

    /* U+8054 "联" */
    0x1, 0x13, 0xf6, 0x44, 0x82, 0x12, 0xfe, 0x78,
    0x41, 0x21, 0x4, 0x84, 0x1f, 0xff, 0x48, 0x41,
    0x22, 0x87, 0xeb, 0x32, 0x44, 0xb, 0xc, 0x28,
    0x0,

    /* U+80CC "背" */
    0x8, 0x80, 0x22, 0x2f, 0x8f, 0x82, 0x21, 0xf8,
    0xf8, 0x0, 0x3, 0xff, 0x8, 0x4, 0x3f, 0xf0,
    0x80, 0x43, 0xff, 0x8, 0x4, 0x20, 0x10, 0x87,
    0xc0,

    /* U+80FD "能" */
    0x30, 0x80, 0x82, 0x64, 0xcf, 0x11, 0xb0, 0xfe,
    0x84, 0x2, 0x27, 0xcf, 0x91, 0x20, 0x7c, 0x8d,
    0x13, 0xc7, 0xc8, 0x11, 0x21, 0x44, 0x8d, 0x73,
    0xe0,

    /* U+8111 "脑" */
    0x0, 0x41, 0xe1, 0x4, 0xbf, 0xd2, 0x0, 0x49,
    0x21, 0xea, 0xa4, 0xaa, 0x92, 0x92, 0x7a, 0x69,
    0x2a, 0xa4, 0xb1, 0x92, 0x82, 0xcb, 0xfa, 0xe0,
    0x20,

    /* U+81EA "自" */
    0xc, 0x1, 0x3, 0xff, 0xc0, 0x18, 0x3, 0xff,
    0xe0, 0xc, 0x1, 0x80, 0x3f, 0xfe, 0x0, 0xc0,
    0x1f, 0xff, 0x0, 0x40,

    /* U+81F4 "致" */
    0x0, 0x83, 0xf6, 0x2, 0x10, 0x10, 0xfe, 0x4b,
    0x13, 0xf4, 0x42, 0x51, 0x8, 0x44, 0xfd, 0x20,
    0x82, 0x82, 0xe, 0x1f, 0x6c, 0x87, 0x1c, 0x0,
    0x0,

    /* U+8272 "色" */
    0x8, 0x0, 0x7f, 0x2, 0xc, 0x3f, 0xfc, 0x21,
    0x10, 0x84, 0x42, 0x11, 0xf, 0xfc, 0x20, 0x8,
    0x80, 0x22, 0x0, 0x8f, 0xfe,

    /* U+827A "艺" */
    0x8, 0x80, 0x44, 0x3f, 0xfe, 0x11, 0x0, 0x0,
    0x3f, 0xf0, 0x7, 0x0, 0x60, 0xc, 0x1, 0x80,
    0x58, 0x2, 0x80, 0x37, 0xff, 0x0,

    /* U+8282 "节" */
    0x8, 0x80, 0x44, 0x3f, 0xfe, 0x11, 0x0, 0x0,
    0x0, 0x1, 0xff, 0xc1, 0x6, 0x8, 0x30, 0x41,
    0x2, 0x8, 0x13, 0xc0, 0x80, 0x4, 0x0,

    /* U+82F1 "英" */
    0x10, 0x80, 0x84, 0x3f, 0xfe, 0x21, 0x0, 0x20,
    0x1f, 0xf0, 0x88, 0x84, 0x44, 0x22, 0x27, 0xff,
    0xc1, 0x80, 0x1a, 0x3, 0x8c, 0x70, 0x1c,

    /* U+82F9 "苹" */
    0x10, 0x40, 0x82, 0x3f, 0xfe, 0x20, 0x87, 0xff,
    0x11, 0x10, 0xc8, 0x82, 0x48, 0x2, 0x7, 0xff,
    0xc0, 0x80, 0x4, 0x0, 0x20, 0x1, 0x0,

    /* U+8377 "荷" */
    0x8, 0x80, 0x44, 0x3f, 0xfe, 0x11, 0x1, 0xff,
    0x90, 0x11, 0x80, 0x8c, 0xf4, 0xa4, 0xa1, 0x25,
    0x9, 0xe8, 0x48, 0x42, 0x2, 0x10, 0x70,

    /* U+83B7 "获" */
    0x8, 0x80, 0x44, 0x3f, 0xfe, 0x11, 0x4, 0x8a,
    0x38, 0x58, 0x82, 0x1a, 0xff, 0x90, 0x81, 0x86,
    0x14, 0x51, 0x22, 0xc1, 0x23, 0x3e, 0xc,

    /* U+83DC "菜" */
    0x8, 0x80, 0x44, 0x3f, 0xfe, 0x11, 0x7, 0xff,
    0x0, 0x10, 0x89, 0x86, 0x48, 0x2, 0x7, 0xff,
    0xc2, 0xe0, 0x25, 0x8e, 0x23, 0x81, 0x0,

    /* U+84DD "蓝" */
    0x8, 0x87, 0xff, 0xc2, 0x20, 0x12, 0x4, 0x90,
    0x24, 0xf9, 0x28, 0x9, 0x4c, 0x0, 0x21, 0xff,
    0xa, 0x48, 0x52, 0x42, 0x92, 0x7f, 0xfc,

    /* U+884C "行" */
    0x10, 0x0, 0xcf, 0xe6, 0x0, 0x30, 0x0, 0x90,
    0x0, 0x9f, 0xf2, 0x2, 0x18, 0x8, 0xa0, 0x22,
    0x80, 0x82, 0x2, 0x8, 0x8, 0x20, 0x20, 0x87,
    0x80,

    /* U+8861 "衡" */
    0x12, 0x0, 0x9e, 0xe6, 0x88, 0x17, 0xf0, 0x19,
    0x40, 0xbf, 0xf2, 0x95, 0x1b, 0xf4, 0xa9, 0x50,
    0xbf, 0x42, 0x31, 0x9, 0xa4, 0x2c, 0x90, 0x80,
    0xc0,

    /* U+8868 "表" */
    0x3, 0x0, 0x18, 0x3f, 0xfe, 0x6, 0x7, 0xff,
    0x1, 0x83, 0xff, 0xe0, 0xe0, 0xd, 0x30, 0xc6,
    0x1a, 0x11, 0x16, 0x60, 0xe1, 0x80, 0x0,

    /* U+88AB "被" */
    0x40, 0x41, 0x2, 0x1, 0xfd, 0xe8, 0xa1, 0x45,
    0x12, 0x21, 0x9f, 0xce, 0xa2, 0xb5, 0x21, 0xa5,
    0x9, 0x38, 0x50, 0xc2, 0x9b, 0x19, 0x8,

    /* U+88C1 "裁" */
    0x10, 0x80, 0x85, 0x1f, 0xa4, 0x21, 0xf, 0xff,
    0x88, 0x40, 0x62, 0x5f, 0xd6, 0x32, 0xa1, 0x77,
    0x3b, 0x11, 0x45, 0x93, 0x96, 0x91, 0x18,

    /* U+88C5 "装" */
    0x10, 0x86, 0x84, 0x1d, 0xfe, 0x21, 0x7, 0x8,
    0x6b, 0xf8, 0x8, 0x1f, 0xff, 0x6, 0x0, 0xdb,
    0x1c, 0x61, 0xa4, 0xc1, 0xc1, 0x80,

    /* U+88CF "裏" */
    0x2, 0x7, 0xff, 0xc0, 0x0, 0xff, 0xe7, 0xff,
    0x21, 0x9, 0xff, 0xcf, 0xfe, 0x2, 0x7, 0xff,
    0xc3, 0x84, 0x62, 0xcd, 0x2e, 0xe, 0x1c,

    /* U+88DC "補" */
    0x40, 0xa1, 0x5, 0x83, 0xff, 0xe1, 0x1, 0x8,
    0x17, 0xf8, 0xb2, 0x4f, 0xfe, 0xbc, 0x91, 0xe4,
    0x8b, 0xfc, 0x59, 0x22, 0xc9, 0x16, 0x78,

    /* U+8981 "要" */
    0xff, 0xfc, 0x12, 0x7, 0xff, 0x91, 0x22, 0x44,
    0x89, 0xff, 0xe0, 0x40, 0x3f, 0xff, 0x10, 0x40,
    0x73, 0x0, 0x38, 0xf, 0x1e, 0x60, 0x8,

    /* U+898B "見" */
    0x3f, 0xf0, 0x80, 0x43, 0xff, 0x8, 0x4, 0x20,
    0x10, 0xff, 0xc2, 0x1, 0xf, 0xfc, 0x24, 0x90,
    0x22, 0x0, 0x88, 0x4c, 0x23, 0x60, 0xf8,

    /* U+89C6 "视" */
    0x0, 0x1, 0x3f, 0x81, 0x5, 0xe9, 0x21, 0x49,
    0x12, 0x49, 0x92, 0x4e, 0x92, 0xb4, 0xd1, 0x6,
    0x8, 0x52, 0x46, 0x92, 0x64, 0x9c, 0x3c,

    /* U+89C8 "览" */
    0x9, 0x81, 0x24, 0x4, 0x9f, 0x92, 0x80, 0x4a,
    0xc1, 0x0, 0xc3, 0xfe, 0x8, 0x8, 0x22, 0x20,
    0x88, 0x82, 0x72, 0xc1, 0x42, 0x19, 0xb, 0x87,
    0xe0,

    /* U+89E3 "解" */
    0x20, 0x1, 0x1f, 0xde, 0x23, 0x91, 0x1f, 0xd7,
    0xab, 0x81, 0x52, 0x8f, 0xbf, 0x55, 0x23, 0xe1,
    0x15, 0xfe, 0xa8, 0x4c, 0x42, 0x4e, 0x10,

    /* U+8A00 "言" */
    0x2, 0x0, 0x10, 0x3f, 0xfe, 0x0, 0x7, 0xff,
    0x0, 0x0, 0x0, 0xf, 0xfe, 0x0, 0x1, 0xff,
    0x8, 0x8, 0x40, 0x43, 0xfe, 0x10, 0x10,

    /* U+8A2D "設" */
    0x20, 0x1, 0xf, 0x3e, 0x48, 0x2, 0x4f, 0xb2,
    0x3, 0x1c, 0x0, 0x1f, 0xfe, 0x3, 0x37, 0xc9,
    0x22, 0x71, 0x11, 0x8f, 0xb7, 0x47, 0xc,

    /* U+8A66 "試" */
    0x20, 0x51, 0x2, 0xbe, 0x10, 0xf, 0xff, 0x84,
    0x0, 0x23, 0xff, 0x0, 0x28, 0x1, 0x47, 0x8a,
    0x24, 0x4b, 0x23, 0xdf, 0x62, 0xc8, 0xc,

    /* U+8A71 "話" */
    0x20, 0x0, 0x4f, 0xef, 0xc4, 0x0, 0x10, 0x7b,
    0xfc, 0x1, 0x7, 0x84, 0x0, 0x10, 0x1, 0xf9,
    0xf8, 0x24, 0x60, 0x91, 0x82, 0x7d, 0xf9, 0x18,
    0x20,

    /* U+8A8D "認" */
    0x20, 0x0, 0x8f, 0xef, 0x8c, 0x80, 0xb2, 0xfe,
    0x88, 0x2, 0x20, 0x10, 0xbf, 0xdc, 0x0, 0x43,
    0xe5, 0x8, 0xd0, 0xa3, 0x45, 0xfd, 0x12, 0x27,
    0xc0,

    /* U+8A9E "語" */
    0x20, 0x1, 0x3f, 0xfe, 0x40, 0xf, 0xef, 0x91,
    0x0, 0x88, 0x4, 0x5f, 0xff, 0x0, 0x7, 0xdf,
    0xa2, 0x85, 0x14, 0x2f, 0xbf, 0x45, 0x8,

    /* U+8AAD "読" */
    0x20, 0x81, 0x4, 0x9, 0xff, 0xf1, 0x0, 0x3f,
    0x38, 0x3, 0xdf, 0xe0, 0x81, 0x1, 0x27, 0x89,
    0x24, 0x49, 0x22, 0x5f, 0x22, 0xc2, 0x1c,

    /* U+8ABF "調" */
    0x20, 0x1, 0x1f, 0xfe, 0x92, 0x4, 0x90, 0x3f,
    0xb9, 0x27, 0xee, 0xe0, 0x41, 0x6, 0xef, 0xf9,
    0x63, 0x4b, 0x19, 0xdf, 0xc0, 0xc2, 0x1c,

    /* U+8BA4 "认" */
    0x0, 0x81, 0x4, 0x4, 0x20, 0x21, 0x0, 0x8,
    0x70, 0x40, 0x82, 0x4, 0x38, 0x21, 0x41, 0x6b,
    0xe, 0x88, 0x4c, 0x60, 0xc1, 0x84, 0x4,

    /* U+8BBE "设" */
    0x63, 0xe0, 0xc8, 0x80, 0x22, 0x1, 0xe, 0xe0,
    0x0, 0x9f, 0xc2, 0x21, 0x8, 0x88, 0x21, 0x60,
    0xe3, 0x3, 0x36, 0x7, 0x8e, 0x0, 0x0,

    /* U+8BBF "访" */
    0x40, 0xc0, 0x81, 0x2, 0x7f, 0xc0, 0xc0, 0xe3,
    0x0, 0x8f, 0xe2, 0x30, 0x88, 0xc2, 0x22, 0x8,
    0xa8, 0x23, 0x20, 0x89, 0x86, 0xc, 0xf0, 0x0,
    0x0,

    /* U+8BD5 "试" */
    0x0, 0x51, 0x81, 0x62, 0x4, 0x83, 0xff, 0x0,
    0x43, 0x81, 0x2, 0xfc, 0x8, 0x90, 0x22, 0x40,
    0xa8, 0x83, 0xa2, 0x4c, 0xe9, 0x2f, 0x34, 0x0,
    0x60,

    /* U+8BE5 "该" */
    0x0, 0xc0, 0x81, 0x3, 0x7f, 0xc0, 0x60, 0x1,
    0x13, 0x88, 0xc2, 0x7e, 0x8, 0x12, 0x20, 0x98,
    0x8c, 0xc2, 0x66, 0xe, 0x36, 0x33, 0xc, 0x18,
    0x0,

    /* U+8BED "语" */
    0x6f, 0xf8, 0x84, 0x2, 0x10, 0x1, 0xfc, 0xe3,
    0x10, 0xbf, 0xf2, 0x0, 0x8, 0x0, 0x27, 0xf8,
    0x90, 0x23, 0xc0, 0x8d, 0xfe, 0x4, 0x8,

    /* U+8BEF "误" */
    0x47, 0xf0, 0x90, 0x40, 0x41, 0x1, 0xfc, 0xe4,
    0x10, 0xbf, 0xe2, 0x8, 0x8, 0x20, 0x2f, 0xf8,
    0x83, 0x3, 0x94, 0xd, 0x8c, 0xc, 0x18,

    /* U+8BF7 "请" */
    0x0, 0x83, 0x7f, 0xcc, 0x20, 0xf, 0xf0, 0x8,
    0x77, 0xfc, 0x80, 0x4, 0xfe, 0x24, 0x11, 0x3f,
    0x8b, 0xfc, 0x78, 0x22, 0x41, 0x2, 0x38,

    /* U+8BFB "读" */
    0x0, 0xc1, 0x83, 0x2, 0x7f, 0xc0, 0x30, 0xf,
    0xff, 0x89, 0x12, 0x1c, 0x49, 0x90, 0x20, 0x40,
    0xbf, 0xf2, 0x84, 0xe, 0x6c, 0x27, 0x1c, 0x30,
    0x0,

    /* U+8C03 "调" */
    0x0, 0x4, 0xff, 0x68, 0x12, 0x89, 0xb, 0xdc,
    0x89, 0x4f, 0xf4, 0x81, 0x4b, 0xd5, 0xa5, 0x6b,
    0xd5, 0x21, 0x10, 0x12, 0x7,

    /* U+8D25 "败" */
    0x0, 0x81, 0xf2, 0x4, 0x58, 0x15, 0x7e, 0x55,
    0x11, 0x5c, 0x45, 0x49, 0x15, 0x24, 0x54, 0xa1,
    0x52, 0x83, 0x84, 0x9, 0x28, 0x43, 0x18, 0x8,
    0x20,

    /* U+8D26 "账" */
    0x1, 0x1, 0xf4, 0x24, 0x51, 0x15, 0x48, 0x55,
    0x41, 0x54, 0x5, 0x7f, 0x95, 0x50, 0x55, 0x61,
    0x54, 0x83, 0x93, 0xb, 0x54, 0x45, 0xcd, 0x4,
    0x0,

    /* U+8D44 "资" */
    0x44, 0x1, 0x3f, 0x83, 0x24, 0x63, 0x26, 0x26,
    0x46, 0xc, 0xff, 0x84, 0x4, 0x22, 0x21, 0x11,
    0x9, 0xe8, 0x39, 0xe6, 0x1, 0x0,

    /* U+8D77 "起" */
    0x10, 0x0, 0x9f, 0xbf, 0x4, 0x20, 0x21, 0x1f,
    0x7e, 0x88, 0x44, 0xa, 0x21, 0x5d, 0xa, 0xe8,
    0x54, 0x7d, 0x60, 0xb, 0x0, 0x47, 0xfe, 0x0,
    0x0,

    /* U+8D85 "超" */
    0x10, 0x0, 0x47, 0xef, 0xc8, 0x84, 0x22, 0x10,
    0x88, 0x45, 0xcf, 0xc0, 0x4, 0x7e, 0x51, 0x9,
    0x74, 0x25, 0x1f, 0x9c, 0x42, 0x90, 0x2, 0x3f,
    0xf0, 0x0, 0x0,

    /* U+8EAB "身" */
    0x0, 0x0, 0x20, 0xf, 0xf8, 0x40, 0x43, 0xfe,
    0x10, 0x10, 0xff, 0xa4, 0x7, 0xff, 0xe0, 0x7,
    0x0, 0xc8, 0x1c, 0x43, 0x82, 0x60, 0xe0,

    /* U+8EE2 "転" */
    0x20, 0x0, 0x87, 0xef, 0xdf, 0x88, 0x0, 0xfc,
    0x2, 0x90, 0xf, 0xff, 0xe9, 0x10, 0xfc, 0xc2,
    0x92, 0x4f, 0xd1, 0x8, 0xc2, 0x23, 0xf8, 0x80,
    0x0,

    /* U+8EFD "軽" */
    0x20, 0x1, 0x1f, 0xff, 0x44, 0x42, 0x27, 0xca,
    0x52, 0x61, 0xfc, 0xf4, 0x88, 0x7c, 0x45, 0x3f,
    0xc8, 0x11, 0xf8, 0x82, 0x7f, 0x90, 0x0,

    /* U+8F1D "輝" */
    0x20, 0x0, 0x9f, 0xea, 0xc0, 0xab, 0x7e, 0x70,
    0x40, 0x8f, 0xef, 0xa4, 0x94, 0xfe, 0x52, 0x49,
    0x4f, 0xe5, 0x24, 0x97, 0xff, 0x90, 0x42, 0x1,
    0x0,

    /* U+8F68 "轨" */
    0x21, 0x0, 0x84, 0xf, 0xd0, 0x19, 0xf8, 0x51,
    0x21, 0x44, 0x85, 0x12, 0x3f, 0x48, 0x11, 0x20,
    0x44, 0x87, 0xd2, 0x74, 0x89, 0x12, 0x24, 0x50,
    0xe0,

    /* U+8F6C "转" */
    0x20, 0x40, 0x81, 0xf, 0xdf, 0x90, 0x20, 0x40,
    0x81, 0x4f, 0xf9, 0x10, 0x3f, 0x40, 0x11, 0xf8,
    0x40, 0x6f, 0xd3, 0x4, 0x38, 0x10, 0x60, 0x40,
    0x40,

    /* U+8F6F "软" */
    0x21, 0x0, 0x84, 0xf, 0xdf, 0xd0, 0x82, 0x52,
    0x99, 0x5a, 0x49, 0x8, 0x3f, 0x20, 0x10, 0x80,
    0x43, 0xf, 0xd6, 0x4, 0x48, 0x12, 0x18, 0x50,
    0x20,

    /* U+8F7D "载" */
    0x8, 0x80, 0x22, 0xc7, 0xe9, 0x82, 0x20, 0xff,
    0xfc, 0x42, 0xf, 0xf8, 0x88, 0x14, 0x48, 0x51,
    0xfd, 0x80, 0x86, 0x1f, 0xf9, 0xc9, 0xa4, 0x24,
    0x60,

    /* U+8F91 "辑" */
    0x20, 0x1, 0x1f, 0xbe, 0x84, 0x87, 0xe6, 0x21,
    0x53, 0xfe, 0x88, 0x5f, 0x7e, 0x22, 0x11, 0x1f,
    0xbe, 0x84, 0x4f, 0xf2, 0x1, 0x10, 0x8,

    /* U+8F93 "输" */
    0x20, 0x80, 0x87, 0xf, 0xb6, 0x10, 0x8c, 0x4f,
    0xfd, 0x80, 0xa, 0x74, 0xbf, 0x52, 0x27, 0x48,
    0x95, 0x2f, 0x74, 0x89, 0x42, 0x25, 0x8, 0x9c,
    0xe0,

    /* U+8FA8 "辨" */
    0x21, 0x21, 0x9, 0x3e, 0x7e, 0x2, 0x5, 0xd5,
    0x2a, 0xab, 0xf7, 0xe4, 0xa4, 0x21, 0x27, 0xcf,
    0xc8, 0x88, 0xc4, 0x44, 0x42, 0x46, 0x10,

    /* U+8FBC "込" */
    0x41, 0x1, 0x86, 0x2, 0x8, 0x0, 0x30, 0x0,
    0xc3, 0x83, 0x2, 0x12, 0x8, 0x48, 0x22, 0x10,
    0x90, 0x62, 0xc0, 0xc8, 0x0, 0x50, 0x2, 0x3f,
    0xf0,

    /* U+8FC7 "过" */
    0x40, 0x23, 0x1, 0x8, 0x8, 0x1f, 0xf0, 0x2,
    0x72, 0x10, 0x98, 0x84, 0x44, 0x20, 0x21, 0x1,
    0x8, 0x70, 0xe0, 0x8, 0xff, 0x80,

    /* U+8FD0 "运" */
    0x40, 0x3, 0x3f, 0x88, 0x0, 0x0, 0x0, 0x0,
    0x77, 0xfc, 0x8c, 0x4, 0x4c, 0x24, 0x21, 0x7f,
    0x88, 0x4, 0xe0, 0x8, 0xff, 0x80,

    /* U+8FD1 "近" */
    0x0, 0x1, 0x8f, 0xe3, 0x30, 0x0, 0x80, 0x2,
    0x3, 0x8f, 0xf2, 0x22, 0x8, 0x88, 0x22, 0x20,
    0x90, 0x82, 0xc2, 0x1c, 0x8, 0x4f, 0xfc,

    /* U+8FD4 "返" */
    0x0, 0x9, 0x9f, 0xe2, 0x40, 0x1, 0x0, 0x7,
    0xfb, 0x90, 0x42, 0x71, 0x9, 0x68, 0x24, 0x60,
    0xa3, 0x82, 0x99, 0x9, 0x82, 0x50, 0x2, 0x3f,
    0xe0,

    /* U+8FDB "进" */
    0x2, 0x21, 0x8, 0x82, 0x22, 0xb, 0xfe, 0x2,
    0x23, 0x88, 0x82, 0x22, 0xb, 0xff, 0x26, 0x20,
    0x90, 0x82, 0x82, 0x18, 0x0, 0x50, 0x2, 0x3f,
    0xe0,

    /* U+8FDE "连" */
    0x1, 0x1, 0x84, 0x2, 0xff, 0xc8, 0x80, 0x2,
    0x43, 0x91, 0x2, 0x7f, 0xc8, 0x10, 0x20, 0x40,
    0xbf, 0xf2, 0x4, 0x18, 0x10, 0x50, 0x2, 0x3f,
    0xf0,

    /* U+8FFD "追" */
    0x1, 0x1, 0x4, 0x2, 0x7f, 0xd, 0x4, 0x4,
    0x10, 0x1f, 0xc6, 0x40, 0x9, 0xfc, 0x24, 0x10,
    0x90, 0x42, 0x7f, 0x9, 0x4, 0x50, 0x2, 0x3f,
    0xe0,

    /* U+9000 "退" */
    0x67, 0xf0, 0x90, 0x40, 0x7f, 0x1, 0x4, 0xe4,
    0x10, 0x9f, 0xc2, 0x50, 0x89, 0x6e, 0x24, 0x60,
    0x96, 0xc2, 0x60, 0x94, 0x0, 0x8f, 0xf8,

    /* U+9006 "逆" */
    0x46, 0x31, 0x13, 0xb, 0xfe, 0x1, 0x0, 0x49,
    0x32, 0x48, 0x92, 0x44, 0x7e, 0x21, 0x1, 0x18,
    0x9, 0x80, 0xa8, 0x8, 0xff, 0x80,

    /* U+9009 "选" */
    0x0, 0x83, 0x14, 0x8, 0xa0, 0x6f, 0xf0, 0x48,
    0x72, 0x40, 0xbf, 0xe4, 0x28, 0x21, 0x41, 0xa,
    0x48, 0x92, 0x58, 0xf5, 0x0, 0x47, 0xfc,

    /* U+901A "通" */
    0x67, 0xf8, 0xc0, 0xc0, 0x1c, 0x1, 0xfe, 0xe4,
    0x48, 0x9f, 0xe2, 0x44, 0x89, 0xfe, 0x24, 0x48,
    0x91, 0x22, 0x43, 0x94, 0x0, 0x8f, 0xfc,

    /* U+9020 "造" */
    0x0, 0x41, 0x99, 0x2, 0x7f, 0x81, 0x10, 0x0,
    0x43, 0xbf, 0xf2, 0x0, 0x9, 0xfe, 0x24, 0x18,
    0x90, 0x62, 0x7f, 0x98, 0x0, 0x50, 0x2, 0x3f,
    0xf0,

    /* U+904A "遊" */
    0x0, 0x21, 0x8, 0x82, 0x7, 0xc3, 0xf0, 0x4,
    0x3f, 0x9e, 0x22, 0x59, 0x9, 0x7f, 0x25, 0x90,
    0xb4, 0x42, 0x91, 0x9, 0xdc, 0x50, 0x2, 0x3f,
    0xf0,

    /* U+9053 "道" */
    0x2, 0x11, 0xc, 0x82, 0xff, 0xc8, 0x20, 0x7,
    0xfb, 0x90, 0x22, 0x7f, 0x89, 0x2, 0x27, 0xf8,
    0x90, 0x22, 0x7f, 0x99, 0x2, 0x50, 0x2, 0x3f,
    0xf0,

    /* U+9055 "違" */
    0x1, 0x1, 0x1f, 0xc2, 0x21, 0xb, 0xfe, 0x0,
    0x3, 0x9f, 0xc2, 0x7f, 0x9, 0x34, 0x2f, 0xf8,
    0xa3, 0x2, 0xff, 0x98, 0x30, 0x50, 0x2, 0x3f,
    0xe0,

    /* U+9078 "選" */
    0x4f, 0x78, 0xa5, 0x22, 0xf7, 0x82, 0x53, 0xef,
    0x78, 0x88, 0x82, 0xff, 0x88, 0x88, 0x3f, 0xfc,
    0x80, 0x82, 0xe1, 0x94, 0x0, 0x8f, 0xfc,

    /* U+90E8 "部" */
    0x10, 0x0, 0x23, 0xef, 0xfc, 0x80, 0x32, 0x24,
    0xc8, 0x93, 0x4f, 0xfd, 0x80, 0x32, 0x7e, 0xc5,
    0xb, 0x14, 0x2c, 0xd0, 0xbe, 0x7e, 0xc1, 0xb,
    0x0,

    /* U+914D "配" */
    0xff, 0xf1, 0x40, 0x8a, 0x5, 0xfc, 0x2a, 0xa1,
    0x55, 0xfa, 0xbc, 0x18, 0x60, 0xff, 0xc, 0x18,
    0x60, 0xc3, 0xfe, 0x28, 0x2f, 0x0,

    /* U+91CD "重" */
    0x7f, 0xf0, 0x10, 0x3f, 0xfe, 0x4, 0x7, 0xff,
    0x21, 0x9, 0xff, 0xc8, 0x42, 0x7f, 0xf0, 0x10,
    0x1f, 0xfd, 0xff, 0xf0,

    /* U+91CF "量" */
    0x3f, 0xf0, 0xff, 0xc2, 0x1, 0xf, 0xfc, 0xff,
    0xfc, 0x0, 0x3, 0xff, 0xf, 0xfc, 0x23, 0x10,
    0xff, 0xc7, 0xff, 0x80, 0xc0, 0xff, 0xfc,

    /* U+9488 "针" */
    0x20, 0x41, 0x2, 0x1f, 0x10, 0x80, 0x8c, 0x4,
    0x5f, 0xfc, 0x41, 0x2, 0x8, 0xfc, 0x40, 0x82,
    0x4, 0x10, 0x28, 0x83, 0x84, 0x0, 0x20,

    /* U+949F "钟" */
    0x20, 0x41, 0x2, 0x1e, 0x10, 0x87, 0xf8, 0x24,
    0xfd, 0x24, 0x89, 0x24, 0x49, 0xfb, 0xf9, 0x12,
    0x48, 0x10, 0x50, 0x83, 0x4, 0x10, 0x20,

    /* U+94F8 "铸" */
    0x40, 0x84, 0x3f, 0xfc, 0x21, 0xf, 0xfe, 0x10,
    0x27, 0xff, 0xc4, 0x5e, 0x62, 0x43, 0xfa, 0x30,
    0x9f, 0x24, 0xf1, 0x20, 0xe, 0x0,

    /* U+94FE "链" */
    0x0, 0x1, 0x62, 0x11, 0x7e, 0xe9, 0xc, 0xa,
    0x7e, 0x50, 0x97, 0xe4, 0x84, 0xf4, 0x21, 0x2f,
    0xcb, 0x8, 0x68, 0x42, 0xa0, 0x14, 0xfc,

    /* U+9519 "错" */
    0x21, 0x21, 0x9, 0x1d, 0xfe, 0x82, 0x48, 0x12,
    0x7f, 0xfc, 0x80, 0x4, 0x0, 0xf7, 0xf1, 0x30,
    0x8b, 0xfc, 0x6c, 0x22, 0x7f, 0x13, 0x8,

    /* U+952E "键" */
    0x40, 0x21, 0x3b, 0xe7, 0x22, 0xa1, 0xff, 0x85,
    0xff, 0xf0, 0xa4, 0xe7, 0xbc, 0xfe, 0x4a, 0x21,
    0x28, 0x84, 0x5f, 0x9d, 0x80, 0x69, 0x0, 0x63,
    0xf0,

    /* U+955C "镜" */
    0x20, 0x81, 0x9f, 0xe7, 0x0, 0x30, 0x48, 0x8f,
    0xfd, 0xc0, 0x2, 0x7f, 0x89, 0x2, 0xf7, 0xf8,
    0x9f, 0xe2, 0x54, 0x8c, 0x51, 0x32, 0x64, 0xb0,
    0xe0,

    /* U+958B "開" */
    0xfd, 0xf8, 0x51, 0xfd, 0xf8, 0x51, 0xf8, 0xf9,
    0xfd, 0x88, 0x98, 0x89, 0xbf, 0xf8, 0x89, 0x98,
    0x9b, 0x9, 0x80, 0x70,

    /* U+9593 "間" */
    0xf9, 0xf8, 0x91, 0xf9, 0xf8, 0x91, 0xf9, 0xf8,
    0x1, 0x9f, 0x99, 0x9, 0x9f, 0x99, 0x9, 0x9f,
    0x99, 0x1, 0x80, 0x70,

    /* U+95ED "闭" */
    0x40, 0x6, 0xff, 0x20, 0x18, 0x11, 0x81, 0x1b,
    0xfd, 0x83, 0x18, 0x51, 0x8d, 0x19, 0x91, 0xb1,
    0x1a, 0x11, 0x8e, 0x18, 0xf,

    /* U+95EE "问" */
    0x40, 0x6, 0xff, 0x60, 0x12, 0x1, 0x80, 0x19,
    0xf9, 0x90, 0x99, 0x9, 0x90, 0x99, 0xf9, 0x90,
    0x18, 0x1, 0x80, 0x18, 0xf,

    /* U+95F4 "间" */
    0x40, 0x6, 0xff, 0x20, 0x12, 0x1, 0x9f, 0x99,
    0x9, 0x90, 0x99, 0xf9, 0x90, 0x99, 0x9, 0x9f,
    0x99, 0x1, 0x80, 0x18, 0xf,

    /* U+9644 "附" */
    0x2, 0x27, 0xb1, 0x25, 0x9, 0x4b, 0xfa, 0xc2,
    0x56, 0x92, 0x94, 0x92, 0xb4, 0x94, 0xa4, 0xa1,
    0x25, 0x9, 0xc8, 0x48, 0x42, 0x42, 0xf0,

    /* U+968F "随" */
    0x8, 0x8f, 0x88, 0xab, 0xfa, 0x90, 0xa1, 0xed,
    0xb2, 0xad, 0xea, 0x92, 0xa9, 0xea, 0x92, 0xe9,
    0x28, 0x96, 0x94, 0xb, 0x3f,

    /* U+96C6 "集" */
    0x0, 0x0, 0xc4, 0x3, 0xff, 0x98, 0x40, 0xbf,
    0xf8, 0x84, 0x3, 0xff, 0x88, 0x40, 0x3f, 0xfb,
    0xff, 0xe0, 0xf8, 0x6, 0x98, 0x62, 0x3a, 0x8,
    0x20,

    /* U+96FB "電" */
    0x7f, 0xe0, 0x10, 0x3f, 0xfd, 0x75, 0xa3, 0xac,
    0x0, 0x1, 0xff, 0x88, 0x44, 0x7f, 0xe3, 0xff,
    0x50, 0x84, 0x4, 0x20, 0x1f, 0x0,

    /* U+9700 "需" */
    0x7f, 0xf0, 0x10, 0x3f, 0xff, 0x4, 0x11, 0xac,
    0x1d, 0x73, 0xff, 0xe0, 0x40, 0x7f, 0xf2, 0x44,
    0x92, 0x24, 0x91, 0x24, 0x8f, 0x0,

    /* U+9752 "青" */
    0x2, 0x7, 0xff, 0xc0, 0x80, 0xff, 0xe0, 0x20,
    0x7f, 0xfc, 0x0, 0x7, 0xfc, 0x20, 0x21, 0xff,
    0xf, 0xf8, 0x40, 0x42, 0x2, 0x10, 0x70,

    /* U+9759 "静" */
    0x10, 0x80, 0x42, 0xf, 0xdf, 0x4, 0xc8, 0x79,
    0xfb, 0xf1, 0x20, 0x4, 0x9e, 0xff, 0x48, 0x49,
    0xe7, 0xe7, 0x84, 0x92, 0x10, 0x48, 0x41, 0x67,
    0x0,

    /* U+975E "非" */
    0x4, 0x80, 0x12, 0x7, 0xcf, 0x81, 0x20, 0x4,
    0x80, 0x12, 0x7, 0xcf, 0x81, 0x20, 0x4, 0x80,
    0x12, 0xf, 0xcf, 0xc1, 0x20, 0x4, 0x80, 0x12,
    0x0,

    /* U+9762 "面" */
    0xff, 0xf8, 0x30, 0x1, 0x0, 0xff, 0xe4, 0x89,
    0x24, 0x49, 0x3e, 0x49, 0x12, 0x4f, 0x92, 0x44,
    0x92, 0x24, 0xff, 0xe4, 0x1, 0x0,

    /* U+97F3 "音" */
    0x2, 0x0, 0x10, 0x1f, 0xfc, 0x20, 0x80, 0x88,
    0x7f, 0xfc, 0x0, 0x7, 0xfc, 0x20, 0x21, 0xff,
    0x8, 0x8, 0x40, 0x43, 0xfe, 0x10, 0x10,

    /* U+983C "頼" */
    0x20, 0x0, 0x8f, 0xff, 0xc4, 0x8, 0x7e, 0xfd,
    0xa, 0x94, 0x2a, 0x5f, 0xa9, 0x42, 0xfd, 0xf8,
    0x84, 0x27, 0x9f, 0xa9, 0x24, 0x21, 0x98, 0x88,
    0x0,

    /* U+9875 "页" */
    0xff, 0xf8, 0x10, 0x1, 0x80, 0x7f, 0xe2, 0x3,
    0x11, 0x18, 0x88, 0xc4, 0x46, 0x22, 0x31, 0x39,
    0x83, 0x30, 0x70, 0x6c, 0x0, 0x80,

    /* U+987A "顺" */
    0x55, 0xfd, 0x51, 0x5, 0x44, 0x15, 0x7e, 0x55,
    0x9, 0x55, 0x25, 0x54, 0x95, 0x52, 0x55, 0x49,
    0x57, 0x2d, 0x4b, 0x21, 0x47, 0x0, 0x0,

    /* U+987B "须" */
    0x10, 0x0, 0xbf, 0xc8, 0x20, 0x81, 0x8, 0x7f,
    0xa, 0x8, 0x92, 0x4c, 0x92, 0xc4, 0x90, 0xe4,
    0x8d, 0x34, 0xc2, 0xcc, 0x71, 0xc6, 0x4,

    /* U+9884 "预" */
    0xff, 0xfc, 0x21, 0x7, 0x4, 0xc, 0xee, 0xfe,
    0x48, 0x99, 0x22, 0xe4, 0x88, 0x92, 0x22, 0x48,
    0x83, 0x22, 0xa, 0x8, 0xc6, 0xe6, 0x8,

    /* U+9891 "频" */
    0x10, 0x0, 0x4f, 0xf5, 0x4, 0x17, 0x10, 0x51,
    0xf9, 0x44, 0x2f, 0xd4, 0x84, 0x52, 0x55, 0x49,
    0x55, 0x29, 0xd4, 0x86, 0x38, 0x31, 0x1b, 0x18,
    0x30,

    /* U+989C "颜" */
    0x0, 0x0, 0x9f, 0xff, 0x10, 0x91, 0x82, 0xbf,
    0x7f, 0x2a, 0x29, 0x57, 0x4a, 0xa2, 0x54, 0xd2,
    0xad, 0xb5, 0x19, 0xcb, 0x31, 0x31, 0x0,

    /* U+98DE "飞" */
    0xff, 0x0, 0x4, 0x60, 0x12, 0x0, 0x70, 0x1,
    0x80, 0x7, 0x80, 0x13, 0x0, 0x46, 0x1, 0x0,
    0x6, 0x30, 0x8, 0x80, 0x3a, 0x0, 0x78,

    /* U+9A8C "验" */
    0x0, 0xc1, 0xe3, 0x0, 0x9e, 0x16, 0x4c, 0x52,
    0x19, 0x50, 0x35, 0x3f, 0x1e, 0x20, 0xe, 0x90,
    0xea, 0x4c, 0xa7, 0x2, 0x8, 0xf, 0xf9, 0xe0,
    0x0,

    /* U+9AD8 "高" */
    0x2, 0x7, 0xff, 0xc0, 0x0, 0x7f, 0xc3, 0xfe,
    0x10, 0x11, 0xff, 0xc8, 0x2, 0x4f, 0xd2, 0x42,
    0x93, 0xf4, 0x90, 0x24, 0x7, 0x0,

    /* U+FF01 "！" */
    0xfe, 0x40,

    /* U+FF08 "（" */
    0x29, 0x49, 0x24, 0x91, 0x22,

    /* U+FF09 "）" */
    0x89, 0x12, 0x49, 0x25, 0x28,

    /* U+FF0C "，" */
    0x58,

    /* U+FF1A "：" */
    0xc0, 0xc,

    /* U+FF1F "？" */
    0xf4, 0x42, 0x11, 0x11, 0x8c, 0x0, 0x18,

    /* U+FF5E "～" */
    0xf3, 0x18
};


/*---------------------
 *  GLYPH DESCRIPTION
 *--------------------*/

static const lv_font_fmt_txt_glyph_dsc_t glyph_dsc[] = {
    {.bitmap_index = 0, .adv_w = 0, .box_w = 0, .box_h = 0, .ofs_x = 0, .ofs_y = 0} /* id = 0 reserved */,
    {.bitmap_index = 0, .adv_w = 66, .box_w = 1, .box_h = 1, .ofs_x = 0, .ofs_y = 0},
    {.bitmap_index = 1, .adv_w = 70, .box_w = 1, .box_h = 11, .ofs_x = 2, .ofs_y = 0},
    {.bitmap_index = 3, .adv_w = 98, .box_w = 3, .box_h = 3, .ofs_x = 2, .ofs_y = 8},
    {.bitmap_index = 5, .adv_w = 57, .box_w = 1, .box_h = 3, .ofs_x = 1, .ofs_y = 8},
    {.bitmap_index = 6, .adv_w = 75, .box_w = 3, .box_h = 14, .ofs_x = 1, .ofs_y = -3},
    {.bitmap_index = 12, .adv_w = 75, .box_w = 3, .box_h = 14, .ofs_x = 0, .ofs_y = -3},
    {.bitmap_index = 18, .adv_w = 166, .box_w = 7, .box_h = 7, .ofs_x = 2, .ofs_y = 1},
    {.bitmap_index = 25, .adv_w = 54, .box_w = 2, .box_h = 4, .ofs_x = 0, .ofs_y = -2},
    {.bitmap_index = 26, .adv_w = 97, .box_w = 4, .box_h = 1, .ofs_x = 1, .ofs_y = 4},
    {.bitmap_index = 27, .adv_w = 54, .box_w = 2, .box_h = 2, .ofs_x = 1, .ofs_y = 0},
    {.bitmap_index = 28, .adv_w = 96, .box_w = 6, .box_h = 13, .ofs_x = 0, .ofs_y = -2},
    {.bitmap_index = 38, .adv_w = 131, .box_w = 7, .box_h = 11, .ofs_x = 1, .ofs_y = 0},
    {.bitmap_index = 48, .adv_w = 131, .box_w = 3, .box_h = 11, .ofs_x = 2, .ofs_y = 0},
    {.bitmap_index = 53, .adv_w = 131, .box_w = 6, .box_h = 11, .ofs_x = 1, .ofs_y = 0},
    {.bitmap_index = 62, .adv_w = 131, .box_w = 7, .box_h = 11, .ofs_x = 0, .ofs_y = 0},
    {.bitmap_index = 72, .adv_w = 131, .box_w = 8, .box_h = 11, .ofs_x = 1, .ofs_y = 0},
    {.bitmap_index = 83, .adv_w = 131, .box_w = 6, .box_h = 11, .ofs_x = 1, .ofs_y = 0},
    {.bitmap_index = 92, .adv_w = 131, .box_w = 7, .box_h = 11, .ofs_x = 1, .ofs_y = 0},
    {.bitmap_index = 102, .adv_w = 131, .box_w = 7, .box_h = 11, .ofs_x = 1, .ofs_y = 0},
    {.bitmap_index = 112, .adv_w = 131, .box_w = 7, .box_h = 11, .ofs_x = 1, .ofs_y = 0},
    {.bitmap_index = 122, .adv_w = 131, .box_w = 7, .box_h = 11, .ofs_x = 1, .ofs_y = 0},
    {.bitmap_index = 132, .adv_w = 54, .box_w = 2, .box_h = 8, .ofs_x = 1, .ofs_y = 0},
    {.bitmap_index = 134, .adv_w = 108, .box_w = 6, .box_h = 11, .ofs_x = 0, .ofs_y = 0},
    {.bitmap_index = 143, .adv_w = 158, .box_w = 10, .box_h = 11, .ofs_x = 0, .ofs_y = 0},
    {.bitmap_index = 157, .adv_w = 141, .box_w = 6, .box_h = 11, .ofs_x = 1, .ofs_y = 0},
    {.bitmap_index = 166, .adv_w = 150, .box_w = 8, .box_h = 11, .ofs_x = 1, .ofs_y = 0},
    {.bitmap_index = 177, .adv_w = 171, .box_w = 8, .box_h = 11, .ofs_x = 1, .ofs_y = 0},
    {.bitmap_index = 188, .adv_w = 123, .box_w = 5, .box_h = 11, .ofs_x = 1, .ofs_y = 0},
    {.bitmap_index = 195, .adv_w = 119, .box_w = 5, .box_h = 11, .ofs_x = 1, .ofs_y = 0},
    {.bitmap_index = 202, .adv_w = 167, .box_w = 9, .box_h = 11, .ofs_x = 1, .ofs_y = 0},
    {.bitmap_index = 215, .adv_w = 173, .box_w = 8, .box_h = 11, .ofs_x = 1, .ofs_y = 0},
    {.bitmap_index = 226, .adv_w = 66, .box_w = 1, .box_h = 11, .ofs_x = 1, .ofs_y = 0},
    {.bitmap_index = 228, .adv_w = 89, .box_w = 4, .box_h = 11, .ofs_x = 0, .ofs_y = 0},
    {.bitmap_index = 234, .adv_w = 142, .box_w = 7, .box_h = 11, .ofs_x = 1, .ofs_y = 0},
    {.bitmap_index = 244, .adv_w = 115, .box_w = 5, .box_h = 11, .ofs_x = 1, .ofs_y = 0},
    {.bitmap_index = 251, .adv_w = 219, .box_w = 11, .box_h = 11, .ofs_x = 1, .ofs_y = 0},
    {.bitmap_index = 267, .adv_w = 182, .box_w = 8, .box_h = 11, .ofs_x = 1, .ofs_y = 0},
    {.bitmap_index = 278, .adv_w = 183, .box_w = 10, .box_h = 11, .ofs_x = 1, .ofs_y = 0},
    {.bitmap_index = 292, .adv_w = 137, .box_w = 6, .box_h = 11, .ofs_x = 1, .ofs_y = 0},
    {.bitmap_index = 301, .adv_w = 183, .box_w = 11, .box_h = 13, .ofs_x = 1, .ofs_y = -2},
    {.bitmap_index = 319, .adv_w = 146, .box_w = 7, .box_h = 11, .ofs_x = 1, .ofs_y = 0},
    {.bitmap_index = 329, .adv_w = 129, .box_w = 6, .box_h = 11, .ofs_x = 1, .ofs_y = 0},
    {.bitmap_index = 338, .adv_w = 128, .box_w = 7, .box_h = 11, .ofs_x = 1, .ofs_y = 0},
    {.bitmap_index = 348, .adv_w = 167, .box_w = 8, .box_h = 11, .ofs_x = 1, .ofs_y = 0},
    {.bitmap_index = 359, .adv_w = 151, .box_w = 9, .box_h = 11, .ofs_x = 0, .ofs_y = 0},
    {.bitmap_index = 372, .adv_w = 228, .box_w = 14, .box_h = 11, .ofs_x = 0, .ofs_y = 0},
    {.bitmap_index = 392, .adv_w = 144, .box_w = 9, .box_h = 11, .ofs_x = 0, .ofs_y = 0},
    {.bitmap_index = 405, .adv_w = 135, .box_w = 7, .box_h = 11, .ofs_x = 1, .ofs_y = 0},
    {.bitmap_index = 415, .adv_w = 139, .box_w = 8, .box_h = 11, .ofs_x = 1, .ofs_y = 0},
    {.bitmap_index = 426, .adv_w = 75, .box_w = 3, .box_h = 13, .ofs_x = 1, .ofs_y = -2},
    {.bitmap_index = 431, .adv_w = 93, .box_w = 6, .box_h = 13, .ofs_x = 0, .ofs_y = -2},
    {.bitmap_index = 441, .adv_w = 75, .box_w = 3, .box_h = 13, .ofs_x = 0, .ofs_y = -2},
    {.bitmap_index = 446, .adv_w = 100, .box_w = 6, .box_h = 1, .ofs_x = 0, .ofs_y = -4},
    {.bitmap_index = 447, .adv_w = 124, .box_w = 6, .box_h = 8, .ofs_x = 1, .ofs_y = 0},
    {.bitmap_index = 453, .adv_w = 143, .box_w = 7, .box_h = 12, .ofs_x = 1, .ofs_y = 0},
    {.bitmap_index = 464, .adv_w = 112, .box_w = 6, .box_h = 8, .ofs_x = 1, .ofs_y = 0},
    {.bitmap_index = 470, .adv_w = 143, .box_w = 7, .box_h = 12, .ofs_x = 1, .ofs_y = 0},
    {.bitmap_index = 481, .adv_w = 127, .box_w = 7, .box_h = 8, .ofs_x = 1, .ofs_y = 0},
    {.bitmap_index = 488, .adv_w = 78, .box_w = 5, .box_h = 12, .ofs_x = 1, .ofs_y = 0},
    {.bitmap_index = 496, .adv_w = 143, .box_w = 7, .box_h = 12, .ofs_x = 1, .ofs_y = -4},
    {.bitmap_index = 507, .adv_w = 138, .box_w = 6, .box_h = 12, .ofs_x = 1, .ofs_y = 0},
    {.bitmap_index = 516, .adv_w = 60, .box_w = 1, .box_h = 12, .ofs_x = 1, .ofs_y = 0},
    {.bitmap_index = 518, .adv_w = 60, .box_w = 4, .box_h = 16, .ofs_x = -2, .ofs_y = -4},
    {.bitmap_index = 526, .adv_w = 122, .box_w = 6, .box_h = 12, .ofs_x = 1, .ofs_y = 0},
    {.bitmap_index = 535, .adv_w = 60, .box_w = 1, .box_h = 12, .ofs_x = 1, .ofs_y = 0},
    {.bitmap_index = 537, .adv_w = 210, .box_w = 11, .box_h = 8, .ofs_x = 1, .ofs_y = 0},
    {.bitmap_index = 548, .adv_w = 138, .box_w = 6, .box_h = 8, .ofs_x = 1, .ofs_y = 0},
    {.bitmap_index = 554, .adv_w = 142, .box_w = 7, .box_h = 8, .ofs_x = 1, .ofs_y = 0},
    {.bitmap_index = 561, .adv_w = 143, .box_w = 7, .box_h = 12, .ofs_x = 1, .ofs_y = -4},
    {.bitmap_index = 572, .adv_w = 143, .box_w = 7, .box_h = 12, .ofs_x = 1, .ofs_y = -4},
    {.bitmap_index = 583, .adv_w = 86, .box_w = 4, .box_h = 8, .ofs_x = 1, .ofs_y = 0},
    {.bitmap_index = 587, .adv_w = 104, .box_w = 5, .box_h = 8, .ofs_x = 1, .ofs_y = 0},
    {.bitmap_index = 592, .adv_w = 83, .box_w = 5, .box_h = 10, .ofs_x = 1, .ofs_y = 0},
    {.bitmap_index = 599, .adv_w = 138, .box_w = 6, .box_h = 8, .ofs_x = 1, .ofs_y = 0},
    {.bitmap_index = 605, .adv_w = 118, .box_w = 7, .box_h = 8, .ofs_x = 0, .ofs_y = 0},
    {.bitmap_index = 612, .adv_w = 177, .box_w = 11, .box_h = 8, .ofs_x = 0, .ofs_y = 0},
    {.bitmap_index = 623, .adv_w = 114, .box_w = 7, .box_h = 8, .ofs_x = 0, .ofs_y = 0},
    {.bitmap_index = 630, .adv_w = 119, .box_w = 7, .box_h = 12, .ofs_x = 0, .ofs_y = -4},
    {.bitmap_index = 641, .adv_w = 110, .box_w = 6, .box_h = 8, .ofs_x = 1, .ofs_y = 0},
    {.bitmap_index = 647, .adv_w = 66, .box_w = 1, .box_h = 1, .ofs_x = 0, .ofs_y = 0},
    {.bitmap_index = 648, .adv_w = 70, .box_w = 2, .box_h = 11, .ofs_x = 1, .ofs_y = -3},
    {.bitmap_index = 651, .adv_w = 124, .box_w = 6, .box_h = 5, .ofs_x = 1, .ofs_y = 2},
    {.bitmap_index = 655, .adv_w = 124, .box_w = 6, .box_h = 5, .ofs_x = 1, .ofs_y = 2},
    {.bitmap_index = 659, .adv_w = 108, .box_w = 5, .box_h = 12, .ofs_x = 1, .ofs_y = -4},
    {.bitmap_index = 667, .adv_w = 158, .box_w = 10, .box_h = 15, .ofs_x = 0, .ofs_y = 0},
    {.bitmap_index = 686, .adv_w = 123, .box_w = 5, .box_h = 15, .ofs_x = 1, .ofs_y = 0},
    {.bitmap_index = 696, .adv_w = 66, .box_w = 2, .box_h = 15, .ofs_x = 0, .ofs_y = 0},
    {.bitmap_index = 700, .adv_w = 182, .box_w = 8, .box_h = 14, .ofs_x = 1, .ofs_y = 0},
    {.bitmap_index = 714, .adv_w = 183, .box_w = 10, .box_h = 15, .ofs_x = 1, .ofs_y = 0},
    {.bitmap_index = 733, .adv_w = 183, .box_w = 10, .box_h = 13, .ofs_x = 1, .ofs_y = 0},
    {.bitmap_index = 750, .adv_w = 134, .box_w = 6, .box_h = 12, .ofs_x = 1, .ofs_y = 0},
    {.bitmap_index = 759, .adv_w = 124, .box_w = 6, .box_h = 12, .ofs_x = 1, .ofs_y = 0},
    {.bitmap_index = 768, .adv_w = 124, .box_w = 6, .box_h = 12, .ofs_x = 1, .ofs_y = 0},
    {.bitmap_index = 777, .adv_w = 124, .box_w = 6, .box_h = 12, .ofs_x = 1, .ofs_y = 0},
    {.bitmap_index = 786, .adv_w = 124, .box_w = 6, .box_h = 11, .ofs_x = 1, .ofs_y = 0},
    {.bitmap_index = 795, .adv_w = 112, .box_w = 6, .box_h = 12, .ofs_x = 1, .ofs_y = -4},
    {.bitmap_index = 804, .adv_w = 127, .box_w = 7, .box_h = 12, .ofs_x = 1, .ofs_y = 0},
    {.bitmap_index = 815, .adv_w = 127, .box_w = 7, .box_h = 12, .ofs_x = 1, .ofs_y = 0},
    {.bitmap_index = 826, .adv_w = 127, .box_w = 7, .box_h = 12, .ofs_x = 1, .ofs_y = 0},
    {.bitmap_index = 837, .adv_w = 60, .box_w = 3, .box_h = 12, .ofs_x = 0, .ofs_y = 0},
    {.bitmap_index = 842, .adv_w = 60, .box_w = 4, .box_h = 12, .ofs_x = -1, .ofs_y = 0},
    {.bitmap_index = 848, .adv_w = 60, .box_w = 4, .box_h = 11, .ofs_x = 0, .ofs_y = 0},
    {.bitmap_index = 854, .adv_w = 138, .box_w = 6, .box_h = 11, .ofs_x = 1, .ofs_y = 0},
    {.bitmap_index = 863, .adv_w = 142, .box_w = 7, .box_h = 12, .ofs_x = 1, .ofs_y = 0},
    {.bitmap_index = 874, .adv_w = 142, .box_w = 7, .box_h = 12, .ofs_x = 1, .ofs_y = 0},
    {.bitmap_index = 885, .adv_w = 142, .box_w = 7, .box_h = 12, .ofs_x = 1, .ofs_y = 0},
    {.bitmap_index = 896, .adv_w = 142, .box_w = 7, .box_h = 11, .ofs_x = 1, .ofs_y = 0},
    {.bitmap_index = 906, .adv_w = 138, .box_w = 6, .box_h = 12, .ofs_x = 1, .ofs_y = 0},
    {.bitmap_index = 915, .adv_w = 138, .box_w = 6, .box_h = 12, .ofs_x = 1, .ofs_y = 0},
    {.bitmap_index = 924, .adv_w = 138, .box_w = 6, .box_h = 12, .ofs_x = 1, .ofs_y = 0},
    {.bitmap_index = 933, .adv_w = 138, .box_w = 6, .box_h = 11, .ofs_x = 1, .ofs_y = 0},
    {.bitmap_index = 942, .adv_w = 158, .box_w = 10, .box_h = 11, .ofs_x = 0, .ofs_y = 0},
    {.bitmap_index = 956, .adv_w = 140, .box_w = 7, .box_h = 11, .ofs_x = 1, .ofs_y = 0},
    {.bitmap_index = 966, .adv_w = 141, .box_w = 6, .box_h = 11, .ofs_x = 1, .ofs_y = 0},
    {.bitmap_index = 975, .adv_w = 115, .box_w = 5, .box_h = 11, .ofs_x = 1, .ofs_y = 0},
    {.bitmap_index = 982, .adv_w = 170, .box_w = 10, .box_h = 14, .ofs_x = 1, .ofs_y = -3},
    {.bitmap_index = 1000, .adv_w = 123, .box_w = 5, .box_h = 11, .ofs_x = 1, .ofs_y = 0},
    {.bitmap_index = 1007, .adv_w = 131, .box_w = 7, .box_h = 11, .ofs_x = 1, .ofs_y = 0},
    {.bitmap_index = 1017, .adv_w = 182, .box_w = 8, .box_h = 11, .ofs_x = 1, .ofs_y = 0},
    {.bitmap_index = 1028, .adv_w = 182, .box_w = 8, .box_h = 14, .ofs_x = 1, .ofs_y = 0},
    {.bitmap_index = 1042, .adv_w = 142, .box_w = 7, .box_h = 11, .ofs_x = 1, .ofs_y = 0},
    {.bitmap_index = 1052, .adv_w = 164, .box_w = 8, .box_h = 11, .ofs_x = 1, .ofs_y = 0},
    {.bitmap_index = 1063, .adv_w = 219, .box_w = 11, .box_h = 11, .ofs_x = 1, .ofs_y = 0},
    {.bitmap_index = 1079, .adv_w = 173, .box_w = 8, .box_h = 11, .ofs_x = 1, .ofs_y = 0},
    {.bitmap_index = 1090, .adv_w = 183, .box_w = 10, .box_h = 11, .ofs_x = 1, .ofs_y = 0},
    {.bitmap_index = 1104, .adv_w = 174, .box_w = 8, .box_h = 11, .ofs_x = 1, .ofs_y = 0},
    {.bitmap_index = 1115, .adv_w = 137, .box_w = 6, .box_h = 11, .ofs_x = 1, .ofs_y = 0},
    {.bitmap_index = 1124, .adv_w = 150, .box_w = 8, .box_h = 11, .ofs_x = 1, .ofs_y = 0},
    {.bitmap_index = 1135, .adv_w = 128, .box_w = 7, .box_h = 11, .ofs_x = 1, .ofs_y = 0},
    {.bitmap_index = 1145, .adv_w = 139, .box_w = 8, .box_h = 11, .ofs_x = 1, .ofs_y = 0},
    {.bitmap_index = 1156, .adv_w = 179, .box_w = 10, .box_h = 11, .ofs_x = 1, .ofs_y = 0},
    {.bitmap_index = 1170, .adv_w = 144, .box_w = 9, .box_h = 11, .ofs_x = 0, .ofs_y = 0},
    {.bitmap_index = 1183, .adv_w = 182, .box_w = 9, .box_h = 14, .ofs_x = 1, .ofs_y = -3},
    {.bitmap_index = 1199, .adv_w = 162, .box_w = 7, .box_h = 11, .ofs_x = 1, .ofs_y = 0},
    {.bitmap_index = 1209, .adv_w = 231, .box_w = 11, .box_h = 11, .ofs_x = 1, .ofs_y = 0},
    {.bitmap_index = 1225, .adv_w = 240, .box_w = 13, .box_h = 14, .ofs_x = 1, .ofs_y = -3},
    {.bitmap_index = 1248, .adv_w = 193, .box_w = 9, .box_h = 11, .ofs_x = 1, .ofs_y = 0},
    {.bitmap_index = 1261, .adv_w = 149, .box_w = 8, .box_h = 11, .ofs_x = 1, .ofs_y = 0},
    {.bitmap_index = 1272, .adv_w = 248, .box_w = 13, .box_h = 11, .ofs_x = 1, .ofs_y = 0},
    {.bitmap_index = 1290, .adv_w = 144, .box_w = 7, .box_h = 11, .ofs_x = 0, .ofs_y = 0},
    {.bitmap_index = 1300, .adv_w = 124, .box_w = 6, .box_h = 8, .ofs_x = 1, .ofs_y = 0},
    {.bitmap_index = 1306, .adv_w = 141, .box_w = 7, .box_h = 12, .ofs_x = 1, .ofs_y = 0},
    {.bitmap_index = 1317, .adv_w = 130, .box_w = 6, .box_h = 8, .ofs_x = 1, .ofs_y = 0},
    {.bitmap_index = 1323, .adv_w = 93, .box_w = 4, .box_h = 8, .ofs_x = 1, .ofs_y = 0},
    {.bitmap_index = 1327, .adv_w = 134, .box_w = 8, .box_h = 11, .ofs_x = 1, .ofs_y = -3},
    {.bitmap_index = 1338, .adv_w = 127, .box_w = 7, .box_h = 8, .ofs_x = 1, .ofs_y = 0},
    {.bitmap_index = 1345, .adv_w = 183, .box_w = 11, .box_h = 8, .ofs_x = 0, .ofs_y = 0},
    {.bitmap_index = 1356, .adv_w = 109, .box_w = 5, .box_h = 8, .ofs_x = 0, .ofs_y = 0},
    {.bitmap_index = 1361, .adv_w = 142, .box_w = 6, .box_h = 8, .ofs_x = 1, .ofs_y = 0},
    {.bitmap_index = 1367, .adv_w = 142, .box_w = 6, .box_h = 11, .ofs_x = 1, .ofs_y = 0},
    {.bitmap_index = 1376, .adv_w = 122, .box_w = 6, .box_h = 8, .ofs_x = 1, .ofs_y = 0},
    {.bitmap_index = 1382, .adv_w = 130, .box_w = 6, .box_h = 8, .ofs_x = 1, .ofs_y = 0},
    {.bitmap_index = 1388, .adv_w = 172, .box_w = 8, .box_h = 8, .ofs_x = 1, .ofs_y = 0},
    {.bitmap_index = 1396, .adv_w = 141, .box_w = 6, .box_h = 8, .ofs_x = 1, .ofs_y = 0},
    {.bitmap_index = 1402, .adv_w = 142, .box_w = 7, .box_h = 8, .ofs_x = 1, .ofs_y = 0},
    {.bitmap_index = 1409, .adv_w = 141, .box_w = 6, .box_h = 8, .ofs_x = 1, .ofs_y = 0},
    {.bitmap_index = 1415, .adv_w = 143, .box_w = 7, .box_h = 12, .ofs_x = 1, .ofs_y = -4},
    {.bitmap_index = 1426, .adv_w = 112, .box_w = 6, .box_h = 8, .ofs_x = 1, .ofs_y = 0},
    {.bitmap_index = 1432, .adv_w = 100, .box_w = 6, .box_h = 8, .ofs_x = 1, .ofs_y = 0},
    {.bitmap_index = 1438, .adv_w = 119, .box_w = 7, .box_h = 12, .ofs_x = 0, .ofs_y = -4},
    {.bitmap_index = 1449, .adv_w = 169, .box_w = 9, .box_h = 15, .ofs_x = 1, .ofs_y = -4},
    {.bitmap_index = 1466, .adv_w = 114, .box_w = 7, .box_h = 8, .ofs_x = 0, .ofs_y = 0},
    {.bitmap_index = 1473, .adv_w = 147, .box_w = 7, .box_h = 11, .ofs_x = 1, .ofs_y = -3},
    {.bitmap_index = 1483, .adv_w = 138, .box_w = 6, .box_h = 8, .ofs_x = 1, .ofs_y = 0},
    {.bitmap_index = 1489, .adv_w = 195, .box_w = 9, .box_h = 8, .ofs_x = 1, .ofs_y = 0},
    {.bitmap_index = 1498, .adv_w = 201, .box_w = 11, .box_h = 11, .ofs_x = 1, .ofs_y = -3},
    {.bitmap_index = 1514, .adv_w = 144, .box_w = 8, .box_h = 8, .ofs_x = 0, .ofs_y = 0},
    {.bitmap_index = 1522, .adv_w = 174, .box_w = 8, .box_h = 8, .ofs_x = 1, .ofs_y = 0},
    {.bitmap_index = 1530, .adv_w = 123, .box_w = 6, .box_h = 8, .ofs_x = 1, .ofs_y = 0},
    {.bitmap_index = 1536, .adv_w = 112, .box_w = 5, .box_h = 8, .ofs_x = 1, .ofs_y = 0},
    {.bitmap_index = 1541, .adv_w = 199, .box_w = 10, .box_h = 8, .ofs_x = 1, .ofs_y = 0},
    {.bitmap_index = 1551, .adv_w = 123, .box_w = 6, .box_h = 8, .ofs_x = 0, .ofs_y = 0},
    {.bitmap_index = 1557, .adv_w = 51, .box_w = 2, .box_h = 3, .ofs_x = 1, .ofs_y = 8},
    {.bitmap_index = 1558, .adv_w = 84, .box_w = 4, .box_h = 3, .ofs_x = 0, .ofs_y = 8},
    {.bitmap_index = 1560, .adv_w = 84, .box_w = 4, .box_h = 3, .ofs_x = 1, .ofs_y = 8},
    {.bitmap_index = 1562, .adv_w = 112, .box_w = 4, .box_h = 3, .ofs_x = 1, .ofs_y = -2},
    {.bitmap_index = 1564, .adv_w = 182, .box_w = 10, .box_h = 2, .ofs_x = 1, .ofs_y = 0},
    {.bitmap_index = 1567, .adv_w = 224, .box_w = 3, .box_h = 3, .ofs_x = 1, .ofs_y = -2},
    {.bitmap_index = 1569, .adv_w = 224, .box_w = 3, .box_h = 4, .ofs_x = 1, .ofs_y = -2},
    {.bitmap_index = 1571, .adv_w = 224, .box_w = 4, .box_h = 14, .ofs_x = 9, .ofs_y = -2},
    {.bitmap_index = 1578, .adv_w = 224, .box_w = 4, .box_h = 14, .ofs_x = 1, .ofs_y = -2},
    {.bitmap_index = 1585, .adv_w = 224, .box_w = 11, .box_h = 12, .ofs_x = 2, .ofs_y = -1},
    {.bitmap_index = 1602, .adv_w = 224, .box_w = 11, .box_h = 10, .ofs_x = 2, .ofs_y = 0},
    {.bitmap_index = 1616, .adv_w = 224, .box_w = 8, .box_h = 12, .ofs_x = 3, .ofs_y = -1},
    {.bitmap_index = 1628, .adv_w = 224, .box_w = 11, .box_h = 10, .ofs_x = 2, .ofs_y = 0},
    {.bitmap_index = 1642, .adv_w = 224, .box_w = 11, .box_h = 12, .ofs_x = 2, .ofs_y = -1},
    {.bitmap_index = 1659, .adv_w = 224, .box_w = 12, .box_h = 11, .ofs_x = 1, .ofs_y = 0},
    {.bitmap_index = 1676, .adv_w = 224, .box_w = 12, .box_h = 11, .ofs_x = 1, .ofs_y = 0},
    {.bitmap_index = 1693, .adv_w = 224, .box_w = 10, .box_h = 12, .ofs_x = 2, .ofs_y = -1},
    {.bitmap_index = 1708, .adv_w = 224, .box_w = 11, .box_h = 12, .ofs_x = 2, .ofs_y = -1},
    {.bitmap_index = 1725, .adv_w = 224, .box_w = 7, .box_h = 12, .ofs_x = 3, .ofs_y = -1},
    {.bitmap_index = 1736, .adv_w = 224, .box_w = 10, .box_h = 12, .ofs_x = 3, .ofs_y = -1},
    {.bitmap_index = 1751, .adv_w = 224, .box_w = 11, .box_h = 12, .ofs_x = 2, .ofs_y = -1},
    {.bitmap_index = 1768, .adv_w = 224, .box_w = 9, .box_h = 9, .ofs_x = 2, .ofs_y = 0},
    {.bitmap_index = 1779, .adv_w = 224, .box_w = 10, .box_h = 12, .ofs_x = 2, .ofs_y = -1},
    {.bitmap_index = 1794, .adv_w = 224, .box_w = 8, .box_h = 11, .ofs_x = 3, .ofs_y = 0},
    {.bitmap_index = 1805, .adv_w = 224, .box_w = 8, .box_h = 11, .ofs_x = 3, .ofs_y = 0},
    {.bitmap_index = 1816, .adv_w = 224, .box_w = 13, .box_h = 14, .ofs_x = 1, .ofs_y = -2},
    {.bitmap_index = 1839, .adv_w = 224, .box_w = 13, .box_h = 14, .ofs_x = 1, .ofs_y = -2},
    {.bitmap_index = 1862, .adv_w = 224, .box_w = 12, .box_h = 11, .ofs_x = 1, .ofs_y = -1},
    {.bitmap_index = 1879, .adv_w = 224, .box_w = 12, .box_h = 12, .ofs_x = 1, .ofs_y = -1},
    {.bitmap_index = 1897, .adv_w = 224, .box_w = 12, .box_h = 12, .ofs_x = 1, .ofs_y = -1},
    {.bitmap_index = 1915, .adv_w = 224, .box_w = 10, .box_h = 12, .ofs_x = 1, .ofs_y = -1},
    {.bitmap_index = 1930, .adv_w = 224, .box_w = 9, .box_h = 7, .ofs_x = 2, .ofs_y = 0},
    {.bitmap_index = 1938, .adv_w = 224, .box_w = 11, .box_h = 9, .ofs_x = 1, .ofs_y = 0},
    {.bitmap_index = 1951, .adv_w = 224, .box_w = 11, .box_h = 10, .ofs_x = 2, .ofs_y = 0},
    {.bitmap_index = 1965, .adv_w = 224, .box_w = 11, .box_h = 10, .ofs_x = 2, .ofs_y = 0},
    {.bitmap_index = 1979, .adv_w = 224, .box_w = 9, .box_h = 12, .ofs_x = 2, .ofs_y = -1},
    {.bitmap_index = 1993, .adv_w = 224, .box_w = 11, .box_h = 12, .ofs_x = 2, .ofs_y = -1},
    {.bitmap_index = 2010, .adv_w = 224, .box_w = 11, .box_h = 12, .ofs_x = 1, .ofs_y = -1},
    {.bitmap_index = 2027, .adv_w = 224, .box_w = 11, .box_h = 11, .ofs_x = 2, .ofs_y = 0},
    {.bitmap_index = 2043, .adv_w = 224, .box_w = 11, .box_h = 11, .ofs_x = 2, .ofs_y = -1},
    {.bitmap_index = 2059, .adv_w = 224, .box_w = 11, .box_h = 11, .ofs_x = 2, .ofs_y = 0},
    {.bitmap_index = 2075, .adv_w = 224, .box_w = 12, .box_h = 12, .ofs_x = 1, .ofs_y = -1},
    {.bitmap_index = 2093, .adv_w = 224, .box_w = 12, .box_h = 6, .ofs_x = 1, .ofs_y = 2},
    {.bitmap_index = 2102, .adv_w = 224, .box_w = 12, .box_h = 10, .ofs_x = 1, .ofs_y = 0},
    {.bitmap_index = 2117, .adv_w = 224, .box_w = 11, .box_h = 12, .ofs_x = 2, .ofs_y = -1},
    {.bitmap_index = 2134, .adv_w = 224, .box_w = 12, .box_h = 12, .ofs_x = 1, .ofs_y = -1},
    {.bitmap_index = 2152, .adv_w = 224, .box_w = 11, .box_h = 12, .ofs_x = 2, .ofs_y = -1},
    {.bitmap_index = 2169, .adv_w = 224, .box_w = 10, .box_h = 12, .ofs_x = 2, .ofs_y = -1},
    {.bitmap_index = 2184, .adv_w = 224, .box_w = 12, .box_h = 12, .ofs_x = 1, .ofs_y = -1},
    {.bitmap_index = 2202, .adv_w = 224, .box_w = 9, .box_h = 12, .ofs_x = 3, .ofs_y = -1},
    {.bitmap_index = 2216, .adv_w = 224, .box_w = 7, .box_h = 12, .ofs_x = 4, .ofs_y = -1},
    {.bitmap_index = 2227, .adv_w = 224, .box_w = 10, .box_h = 11, .ofs_x = 2, .ofs_y = -1},
    {.bitmap_index = 2241, .adv_w = 224, .box_w = 13, .box_h = 12, .ofs_x = 1, .ofs_y = -1},
    {.bitmap_index = 2261, .adv_w = 224, .box_w = 10, .box_h = 12, .ofs_x = 2, .ofs_y = -1},
    {.bitmap_index = 2276, .adv_w = 224, .box_w = 12, .box_h = 11, .ofs_x = 1, .ofs_y = 0},
    {.bitmap_index = 2293, .adv_w = 224, .box_w = 9, .box_h = 9, .ofs_x = 2, .ofs_y = -1},
    {.bitmap_index = 2304, .adv_w = 224, .box_w = 11, .box_h = 11, .ofs_x = 1, .ofs_y = -1},
    {.bitmap_index = 2320, .adv_w = 224, .box_w = 7, .box_h = 9, .ofs_x = 2, .ofs_y = -1},
    {.bitmap_index = 2328, .adv_w = 224, .box_w = 10, .box_h = 12, .ofs_x = 1, .ofs_y = -1},
    {.bitmap_index = 2343, .adv_w = 224, .box_w = 7, .box_h = 9, .ofs_x = 3, .ofs_y = -1},
    {.bitmap_index = 2351, .adv_w = 224, .box_w = 9, .box_h = 13, .ofs_x = 2, .ofs_y = -2},
    {.bitmap_index = 2366, .adv_w = 224, .box_w = 9, .box_h = 6, .ofs_x = 3, .ofs_y = 0},
    {.bitmap_index = 2373, .adv_w = 224, .box_w = 11, .box_h = 8, .ofs_x = 2, .ofs_y = 1},
    {.bitmap_index = 2384, .adv_w = 224, .box_w = 12, .box_h = 12, .ofs_x = 1, .ofs_y = -1},
    {.bitmap_index = 2402, .adv_w = 224, .box_w = 10, .box_h = 12, .ofs_x = 2, .ofs_y = -1},
    {.bitmap_index = 2417, .adv_w = 224, .box_w = 12, .box_h = 12, .ofs_x = 1, .ofs_y = -1},
    {.bitmap_index = 2435, .adv_w = 224, .box_w = 10, .box_h = 12, .ofs_x = 1, .ofs_y = -1},
    {.bitmap_index = 2450, .adv_w = 224, .box_w = 12, .box_h = 13, .ofs_x = 1, .ofs_y = -1},
    {.bitmap_index = 2470, .adv_w = 224, .box_w = 11, .box_h = 12, .ofs_x = 1, .ofs_y = -1},
    {.bitmap_index = 2487, .adv_w = 224, .box_w = 12, .box_h = 12, .ofs_x = 1, .ofs_y = -1},
    {.bitmap_index = 2505, .adv_w = 224, .box_w = 9, .box_h = 8, .ofs_x = 2, .ofs_y = 0},
    {.bitmap_index = 2514, .adv_w = 224, .box_w = 12, .box_h = 12, .ofs_x = 1, .ofs_y = -1},
    {.bitmap_index = 2532, .adv_w = 224, .box_w = 13, .box_h = 12, .ofs_x = 1, .ofs_y = -1},
    {.bitmap_index = 2552, .adv_w = 224, .box_w = 10, .box_h = 11, .ofs_x = 2, .ofs_y = -1},
    {.bitmap_index = 2566, .adv_w = 224, .box_w = 10, .box_h = 12, .ofs_x = 2, .ofs_y = -1},
    {.bitmap_index = 2581, .adv_w = 224, .box_w = 11, .box_h = 10, .ofs_x = 1, .ofs_y = 0},
    {.bitmap_index = 2595, .adv_w = 224, .box_w = 12, .box_h = 12, .ofs_x = 1, .ofs_y = 0},
    {.bitmap_index = 2613, .adv_w = 224, .box_w = 11, .box_h = 11, .ofs_x = 1, .ofs_y = 0},
    {.bitmap_index = 2629, .adv_w = 224, .box_w = 9, .box_h = 10, .ofs_x = 2, .ofs_y = -1},
    {.bitmap_index = 2641, .adv_w = 224, .box_w = 9, .box_h = 12, .ofs_x = 2, .ofs_y = -1},
    {.bitmap_index = 2655, .adv_w = 224, .box_w = 11, .box_h = 12, .ofs_x = 2, .ofs_y = -1},
    {.bitmap_index = 2672, .adv_w = 224, .box_w = 8, .box_h = 9, .ofs_x = 3, .ofs_y = -1},
    {.bitmap_index = 2681, .adv_w = 224, .box_w = 11, .box_h = 11, .ofs_x = 1, .ofs_y = -1},
    {.bitmap_index = 2697, .adv_w = 224, .box_w = 12, .box_h = 11, .ofs_x = 1, .ofs_y = -1},
    {.bitmap_index = 2714, .adv_w = 224, .box_w = 13, .box_h = 13, .ofs_x = 1, .ofs_y = -1},
    {.bitmap_index = 2736, .adv_w = 224, .box_w = 7, .box_h = 12, .ofs_x = 5, .ofs_y = -1},
    {.bitmap_index = 2747, .adv_w = 224, .box_w = 7, .box_h = 12, .ofs_x = 5, .ofs_y = -1},
    {.bitmap_index = 2758, .adv_w = 224, .box_w = 12, .box_h = 13, .ofs_x = 1, .ofs_y = -2},
    {.bitmap_index = 2778, .adv_w = 224, .box_w = 11, .box_h = 8, .ofs_x = 2, .ofs_y = 1},
    {.bitmap_index = 2789, .adv_w = 224, .box_w = 12, .box_h = 12, .ofs_x = 1, .ofs_y = -1},
    {.bitmap_index = 2807, .adv_w = 224, .box_w = 12, .box_h = 10, .ofs_x = 1, .ofs_y = 1},
    {.bitmap_index = 2822, .adv_w = 224, .box_w = 12, .box_h = 10, .ofs_x = 1, .ofs_y = 1},
    {.bitmap_index = 2837, .adv_w = 224, .box_w = 10, .box_h = 11, .ofs_x = 3, .ofs_y = 0},
    {.bitmap_index = 2851, .adv_w = 224, .box_w = 9, .box_h = 10, .ofs_x = 2, .ofs_y = -1},
    {.bitmap_index = 2863, .adv_w = 224, .box_w = 11, .box_h = 12, .ofs_x = 2, .ofs_y = -1},
    {.bitmap_index = 2880, .adv_w = 224, .box_w = 12, .box_h = 13, .ofs_x = 1, .ofs_y = -1},
    {.bitmap_index = 2900, .adv_w = 224, .box_w = 12, .box_h = 7, .ofs_x = 1, .ofs_y = 1},
    {.bitmap_index = 2911, .adv_w = 224, .box_w = 12, .box_h = 9, .ofs_x = 1, .ofs_y = 1},
    {.bitmap_index = 2925, .adv_w = 224, .box_w = 12, .box_h = 9, .ofs_x = 1, .ofs_y = 1},
    {.bitmap_index = 2939, .adv_w = 224, .box_w = 11, .box_h = 12, .ofs_x = 2, .ofs_y = -1},
    {.bitmap_index = 2956, .adv_w = 224, .box_w = 11, .box_h = 12, .ofs_x = 2, .ofs_y = -1},
    {.bitmap_index = 2973, .adv_w = 224, .box_w = 11, .box_h = 12, .ofs_x = 2, .ofs_y = -1},
    {.bitmap_index = 2990, .adv_w = 224, .box_w = 11, .box_h = 9, .ofs_x = 1, .ofs_y = 0},
    {.bitmap_index = 3003, .adv_w = 224, .box_w = 8, .box_h = 10, .ofs_x = 3, .ofs_y = 0},
    {.bitmap_index = 3013, .adv_w = 224, .box_w = 12, .box_h = 11, .ofs_x = 1, .ofs_y = 0},
    {.bitmap_index = 3030, .adv_w = 224, .box_w = 10, .box_h = 12, .ofs_x = 2, .ofs_y = -1},
    {.bitmap_index = 3045, .adv_w = 224, .box_w = 12, .box_h = 10, .ofs_x = 1, .ofs_y = 0},
    {.bitmap_index = 3060, .adv_w = 224, .box_w = 9, .box_h = 9, .ofs_x = 2, .ofs_y = -1},
    {.bitmap_index = 3071, .adv_w = 224, .box_w = 12, .box_h = 12, .ofs_x = 1, .ofs_y = -1},
    {.bitmap_index = 3089, .adv_w = 224, .box_w = 9, .box_h = 6, .ofs_x = 2, .ofs_y = 0},
    {.bitmap_index = 3096, .adv_w = 224, .box_w = 13, .box_h = 8, .ofs_x = 0, .ofs_y = 1},
    {.bitmap_index = 3109, .adv_w = 224, .box_w = 6, .box_h = 8, .ofs_x = 4, .ofs_y = -1},
    {.bitmap_index = 3115, .adv_w = 224, .box_w = 10, .box_h = 11, .ofs_x = 2, .ofs_y = -1},
    {.bitmap_index = 3129, .adv_w = 224, .box_w = 7, .box_h = 12, .ofs_x = 4, .ofs_y = -1},
    {.bitmap_index = 3140, .adv_w = 224, .box_w = 12, .box_h = 10, .ofs_x = 1, .ofs_y = 0},
    {.bitmap_index = 3155, .adv_w = 224, .box_w = 9, .box_h = 10, .ofs_x = 3, .ofs_y = 0},
    {.bitmap_index = 3167, .adv_w = 224, .box_w = 8, .box_h = 9, .ofs_x = 3, .ofs_y = 0},
    {.bitmap_index = 3176, .adv_w = 224, .box_w = 9, .box_h = 11, .ofs_x = 3, .ofs_y = -1},
    {.bitmap_index = 3189, .adv_w = 224, .box_w = 10, .box_h = 10, .ofs_x = 2, .ofs_y = 0},
    {.bitmap_index = 3202, .adv_w = 224, .box_w = 11, .box_h = 1, .ofs_x = 1, .ofs_y = 4},
    {.bitmap_index = 3204, .adv_w = 224, .box_w = 14, .box_h = 1, .ofs_x = 0, .ofs_y = 5},
    {.bitmap_index = 3206, .adv_w = 224, .box_w = 13, .box_h = 13, .ofs_x = 0, .ofs_y = -1},
    {.bitmap_index = 3228, .adv_w = 224, .box_w = 13, .box_h = 12, .ofs_x = 0, .ofs_y = -2},
    {.bitmap_index = 3248, .adv_w = 224, .box_w = 13, .box_h = 12, .ofs_x = 0, .ofs_y = -2},
    {.bitmap_index = 3268, .adv_w = 224, .box_w = 13, .box_h = 14, .ofs_x = 0, .ofs_y = -2},
    {.bitmap_index = 3291, .adv_w = 224, .box_w = 13, .box_h = 14, .ofs_x = 1, .ofs_y = -2},
    {.bitmap_index = 3314, .adv_w = 224, .box_w = 13, .box_h = 13, .ofs_x = 0, .ofs_y = -2},
    {.bitmap_index = 3336, .adv_w = 224, .box_w = 12, .box_h = 14, .ofs_x = 1, .ofs_y = -2},
    {.bitmap_index = 3357, .adv_w = 224, .box_w = 12, .box_h = 15, .ofs_x = 1, .ofs_y = -3},
    {.bitmap_index = 3380, .adv_w = 224, .box_w = 13, .box_h = 13, .ofs_x = 0, .ofs_y = -1},
    {.bitmap_index = 3402, .adv_w = 224, .box_w = 13, .box_h = 14, .ofs_x = 1, .ofs_y = -2},
    {.bitmap_index = 3425, .adv_w = 224, .box_w = 14, .box_h = 14, .ofs_x = 0, .ofs_y = -2},
    {.bitmap_index = 3450, .adv_w = 224, .box_w = 13, .box_h = 10, .ofs_x = 0, .ofs_y = 0},
    {.bitmap_index = 3467, .adv_w = 224, .box_w = 13, .box_h = 13, .ofs_x = 0, .ofs_y = -2},
    {.bitmap_index = 3489, .adv_w = 224, .box_w = 13, .box_h = 14, .ofs_x = 1, .ofs_y = -2},
    {.bitmap_index = 3512, .adv_w = 224, .box_w = 13, .box_h = 14, .ofs_x = 1, .ofs_y = -2},
    {.bitmap_index = 3535, .adv_w = 224, .box_w = 13, .box_h = 13, .ofs_x = 1, .ofs_y = -2},
    {.bitmap_index = 3557, .adv_w = 224, .box_w = 14, .box_h = 14, .ofs_x = 0, .ofs_y = -2},
    {.bitmap_index = 3582, .adv_w = 224, .box_w = 14, .box_h = 14, .ofs_x = 0, .ofs_y = -2},
    {.bitmap_index = 3607, .adv_w = 224, .box_w = 13, .box_h = 13, .ofs_x = 0, .ofs_y = -1},
    {.bitmap_index = 3629, .adv_w = 224, .box_w = 14, .box_h = 14, .ofs_x = 0, .ofs_y = -2},
    {.bitmap_index = 3654, .adv_w = 224, .box_w = 14, .box_h = 13, .ofs_x = 0, .ofs_y = -2},
    {.bitmap_index = 3677, .adv_w = 224, .box_w = 14, .box_h = 14, .ofs_x = 0, .ofs_y = -2},
    {.bitmap_index = 3702, .adv_w = 224, .box_w = 13, .box_h = 13, .ofs_x = 0, .ofs_y = -2},
    {.bitmap_index = 3724, .adv_w = 224, .box_w = 14, .box_h = 14, .ofs_x = 0, .ofs_y = -2},
    {.bitmap_index = 3749, .adv_w = 224, .box_w = 15, .box_h = 14, .ofs_x = -1, .ofs_y = -2},
    {.bitmap_index = 3776, .adv_w = 224, .box_w = 13, .box_h = 14, .ofs_x = 0, .ofs_y = -2},
    {.bitmap_index = 3799, .adv_w = 224, .box_w = 14, .box_h = 14, .ofs_x = 0, .ofs_y = -2},
    {.bitmap_index = 3824, .adv_w = 224, .box_w = 14, .box_h = 14, .ofs_x = 0, .ofs_y = -2},
    {.bitmap_index = 3849, .adv_w = 224, .box_w = 14, .box_h = 13, .ofs_x = 0, .ofs_y = -2},
    {.bitmap_index = 3872, .adv_w = 224, .box_w = 14, .box_h = 14, .ofs_x = 0, .ofs_y = -2},
    {.bitmap_index = 3897, .adv_w = 224, .box_w = 13, .box_h = 14, .ofs_x = 0, .ofs_y = -2},
    {.bitmap_index = 3920, .adv_w = 224, .box_w = 13, .box_h = 14, .ofs_x = 0, .ofs_y = -2},
    {.bitmap_index = 3943, .adv_w = 224, .box_w = 14, .box_h = 14, .ofs_x = 0, .ofs_y = -2},
    {.bitmap_index = 3968, .adv_w = 224, .box_w = 14, .box_h = 14, .ofs_x = 0, .ofs_y = -2},
    {.bitmap_index = 3993, .adv_w = 224, .box_w = 14, .box_h = 14, .ofs_x = 0, .ofs_y = -2},
    {.bitmap_index = 4018, .adv_w = 224, .box_w = 13, .box_h = 14, .ofs_x = 0, .ofs_y = -2},
    {.bitmap_index = 4041, .adv_w = 224, .box_w = 13, .box_h = 14, .ofs_x = 0, .ofs_y = -2},
    {.bitmap_index = 4064, .adv_w = 224, .box_w = 14, .box_h = 14, .ofs_x = 0, .ofs_y = -2},
    {.bitmap_index = 4089, .adv_w = 224, .box_w = 13, .box_h = 13, .ofs_x = 1, .ofs_y = -2},
    {.bitmap_index = 4111, .adv_w = 224, .box_w = 13, .box_h = 14, .ofs_x = 1, .ofs_y = -2},
    {.bitmap_index = 4134, .adv_w = 224, .box_w = 13, .box_h = 14, .ofs_x = 1, .ofs_y = -2},
    {.bitmap_index = 4157, .adv_w = 224, .box_w = 14, .box_h = 12, .ofs_x = 0, .ofs_y = -1},
    {.bitmap_index = 4178, .adv_w = 224, .box_w = 14, .box_h = 13, .ofs_x = 0, .ofs_y = -1},
    {.bitmap_index = 4201, .adv_w = 224, .box_w = 13, .box_h = 14, .ofs_x = 1, .ofs_y = -2},
    {.bitmap_index = 4224, .adv_w = 224, .box_w = 13, .box_h = 13, .ofs_x = 1, .ofs_y = -2},
    {.bitmap_index = 4246, .adv_w = 224, .box_w = 13, .box_h = 13, .ofs_x = 0, .ofs_y = -2},
    {.bitmap_index = 4268, .adv_w = 224, .box_w = 14, .box_h = 14, .ofs_x = 0, .ofs_y = -2},
    {.bitmap_index = 4293, .adv_w = 224, .box_w = 13, .box_h = 13, .ofs_x = 0, .ofs_y = -2},
    {.bitmap_index = 4315, .adv_w = 224, .box_w = 12, .box_h = 14, .ofs_x = 1, .ofs_y = -2},
    {.bitmap_index = 4336, .adv_w = 224, .box_w = 11, .box_h = 14, .ofs_x = 1, .ofs_y = -2},
    {.bitmap_index = 4356, .adv_w = 224, .box_w = 13, .box_h = 14, .ofs_x = 0, .ofs_y = -2},
    {.bitmap_index = 4379, .adv_w = 224, .box_w = 14, .box_h = 14, .ofs_x = 0, .ofs_y = -2},
    {.bitmap_index = 4404, .adv_w = 224, .box_w = 13, .box_h = 14, .ofs_x = 0, .ofs_y = -2},
    {.bitmap_index = 4427, .adv_w = 224, .box_w = 12, .box_h = 14, .ofs_x = 0, .ofs_y = -2},
    {.bitmap_index = 4448, .adv_w = 224, .box_w = 13, .box_h = 14, .ofs_x = 0, .ofs_y = -2},
    {.bitmap_index = 4471, .adv_w = 224, .box_w = 13, .box_h = 14, .ofs_x = 0, .ofs_y = -2},
    {.bitmap_index = 4494, .adv_w = 224, .box_w = 13, .box_h = 14, .ofs_x = 0, .ofs_y = -2},
    {.bitmap_index = 4517, .adv_w = 224, .box_w = 13, .box_h = 14, .ofs_x = 0, .ofs_y = -2},
    {.bitmap_index = 4540, .adv_w = 224, .box_w = 13, .box_h = 14, .ofs_x = 1, .ofs_y = -2},
    {.bitmap_index = 4563, .adv_w = 224, .box_w = 13, .box_h = 14, .ofs_x = 0, .ofs_y = -2},
    {.bitmap_index = 4586, .adv_w = 224, .box_w = 12, .box_h = 14, .ofs_x = 0, .ofs_y = -2},
    {.bitmap_index = 4607, .adv_w = 224, .box_w = 12, .box_h = 14, .ofs_x = 1, .ofs_y = -2},
    {.bitmap_index = 4628, .adv_w = 224, .box_w = 13, .box_h = 14, .ofs_x = 0, .ofs_y = -2},
    {.bitmap_index = 4651, .adv_w = 224, .box_w = 14, .box_h = 13, .ofs_x = 0, .ofs_y = -2},
    {.bitmap_index = 4674, .adv_w = 224, .box_w = 13, .box_h = 14, .ofs_x = 0, .ofs_y = -2},
    {.bitmap_index = 4697, .adv_w = 224, .box_w = 12, .box_h = 14, .ofs_x = 0, .ofs_y = -2},
    {.bitmap_index = 4718, .adv_w = 224, .box_w = 13, .box_h = 14, .ofs_x = 0, .ofs_y = -2},
    {.bitmap_index = 4741, .adv_w = 224, .box_w = 13, .box_h = 14, .ofs_x = 0, .ofs_y = -2},
    {.bitmap_index = 4764, .adv_w = 224, .box_w = 12, .box_h = 14, .ofs_x = 1, .ofs_y = -2},
    {.bitmap_index = 4785, .adv_w = 224, .box_w = 13, .box_h = 14, .ofs_x = 0, .ofs_y = -2},
    {.bitmap_index = 4808, .adv_w = 224, .box_w = 12, .box_h = 12, .ofs_x = 1, .ofs_y = -1},
    {.bitmap_index = 4826, .adv_w = 224, .box_w = 13, .box_h = 14, .ofs_x = 1, .ofs_y = -2},
    {.bitmap_index = 4849, .adv_w = 224, .box_w = 13, .box_h = 14, .ofs_x = 1, .ofs_y = -2},
    {.bitmap_index = 4872, .adv_w = 224, .box_w = 13, .box_h = 14, .ofs_x = 0, .ofs_y = -2},
    {.bitmap_index = 4895, .adv_w = 224, .box_w = 13, .box_h = 12, .ofs_x = 0, .ofs_y = -1},
    {.bitmap_index = 4915, .adv_w = 224, .box_w = 14, .box_h = 13, .ofs_x = 0, .ofs_y = -2},
    {.bitmap_index = 4938, .adv_w = 224, .box_w = 14, .box_h = 13, .ofs_x = 0, .ofs_y = -2},
    {.bitmap_index = 4961, .adv_w = 224, .box_w = 13, .box_h = 14, .ofs_x = 1, .ofs_y = -2},
    {.bitmap_index = 4984, .adv_w = 224, .box_w = 13, .box_h = 14, .ofs_x = 0, .ofs_y = -2},
    {.bitmap_index = 5007, .adv_w = 224, .box_w = 14, .box_h = 13, .ofs_x = 0, .ofs_y = -2},
    {.bitmap_index = 5030, .adv_w = 224, .box_w = 11, .box_h = 11, .ofs_x = 2, .ofs_y = -1},
    {.bitmap_index = 5046, .adv_w = 224, .box_w = 14, .box_h = 13, .ofs_x = 0, .ofs_y = -2},
    {.bitmap_index = 5069, .adv_w = 224, .box_w = 14, .box_h = 14, .ofs_x = 0, .ofs_y = -2},
    {.bitmap_index = 5094, .adv_w = 224, .box_w = 13, .box_h = 14, .ofs_x = 1, .ofs_y = -2},
    {.bitmap_index = 5117, .adv_w = 224, .box_w = 12, .box_h = 14, .ofs_x = 1, .ofs_y = -2},
    {.bitmap_index = 5138, .adv_w = 224, .box_w = 14, .box_h = 13, .ofs_x = 0, .ofs_y = -2},
    {.bitmap_index = 5161, .adv_w = 224, .box_w = 12, .box_h = 13, .ofs_x = 1, .ofs_y = -2},
    {.bitmap_index = 5181, .adv_w = 224, .box_w = 12, .box_h = 13, .ofs_x = 1, .ofs_y = -2},
    {.bitmap_index = 5201, .adv_w = 224, .box_w = 12, .box_h = 14, .ofs_x = 0, .ofs_y = -2},
    {.bitmap_index = 5222, .adv_w = 224, .box_w = 14, .box_h = 13, .ofs_x = 0, .ofs_y = -2},
    {.bitmap_index = 5245, .adv_w = 224, .box_w = 12, .box_h = 13, .ofs_x = 1, .ofs_y = -2},
    {.bitmap_index = 5265, .adv_w = 224, .box_w = 14, .box_h = 13, .ofs_x = 0, .ofs_y = -2},
    {.bitmap_index = 5288, .adv_w = 224, .box_w = 13, .box_h = 14, .ofs_x = 0, .ofs_y = -2},
    {.bitmap_index = 5311, .adv_w = 224, .box_w = 13, .box_h = 14, .ofs_x = 1, .ofs_y = -2},
    {.bitmap_index = 5334, .adv_w = 224, .box_w = 13, .box_h = 14, .ofs_x = 0, .ofs_y = -2},
    {.bitmap_index = 5357, .adv_w = 224, .box_w = 12, .box_h = 13, .ofs_x = 1, .ofs_y = -2},
    {.bitmap_index = 5377, .adv_w = 224, .box_w = 14, .box_h = 13, .ofs_x = 0, .ofs_y = -2},
    {.bitmap_index = 5400, .adv_w = 224, .box_w = 12, .box_h = 13, .ofs_x = 1, .ofs_y = -2},
    {.bitmap_index = 5420, .adv_w = 224, .box_w = 12, .box_h = 13, .ofs_x = 1, .ofs_y = -2},
    {.bitmap_index = 5440, .adv_w = 224, .box_w = 12, .box_h = 13, .ofs_x = 1, .ofs_y = -2},
    {.bitmap_index = 5460, .adv_w = 224, .box_w = 12, .box_h = 13, .ofs_x = 1, .ofs_y = -2},
    {.bitmap_index = 5480, .adv_w = 224, .box_w = 13, .box_h = 14, .ofs_x = 1, .ofs_y = -2},
    {.bitmap_index = 5503, .adv_w = 224, .box_w = 13, .box_h = 13, .ofs_x = 0, .ofs_y = -1},
    {.bitmap_index = 5525, .adv_w = 224, .box_w = 14, .box_h = 13, .ofs_x = 0, .ofs_y = -1},
    {.bitmap_index = 5548, .adv_w = 224, .box_w = 13, .box_h = 14, .ofs_x = 0, .ofs_y = -2},
    {.bitmap_index = 5571, .adv_w = 224, .box_w = 13, .box_h = 13, .ofs_x = 0, .ofs_y = -1},
    {.bitmap_index = 5593, .adv_w = 224, .box_w = 14, .box_h = 14, .ofs_x = 0, .ofs_y = -2},
    {.bitmap_index = 5618, .adv_w = 224, .box_w = 14, .box_h = 14, .ofs_x = 0, .ofs_y = -2},
    {.bitmap_index = 5643, .adv_w = 224, .box_w = 13, .box_h = 14, .ofs_x = 0, .ofs_y = -2},
    {.bitmap_index = 5666, .adv_w = 224, .box_w = 13, .box_h = 14, .ofs_x = 1, .ofs_y = -2},
    {.bitmap_index = 5689, .adv_w = 224, .box_w = 13, .box_h = 13, .ofs_x = 0, .ofs_y = -2},
    {.bitmap_index = 5711, .adv_w = 224, .box_w = 14, .box_h = 14, .ofs_x = 0, .ofs_y = -2},
    {.bitmap_index = 5736, .adv_w = 224, .box_w = 14, .box_h = 14, .ofs_x = 0, .ofs_y = -2},
    {.bitmap_index = 5761, .adv_w = 224, .box_w = 13, .box_h = 14, .ofs_x = 0, .ofs_y = -2},
    {.bitmap_index = 5784, .adv_w = 224, .box_w = 13, .box_h = 14, .ofs_x = 0, .ofs_y = -2},
    {.bitmap_index = 5807, .adv_w = 224, .box_w = 13, .box_h = 13, .ofs_x = 0, .ofs_y = -2},
    {.bitmap_index = 5829, .adv_w = 224, .box_w = 13, .box_h = 14, .ofs_x = 0, .ofs_y = -2},
    {.bitmap_index = 5852, .adv_w = 224, .box_w = 13, .box_h = 14, .ofs_x = 1, .ofs_y = -2},
    {.bitmap_index = 5875, .adv_w = 224, .box_w = 13, .box_h = 14, .ofs_x = 0, .ofs_y = -2},
    {.bitmap_index = 5898, .adv_w = 224, .box_w = 14, .box_h = 14, .ofs_x = 0, .ofs_y = -2},
    {.bitmap_index = 5923, .adv_w = 224, .box_w = 14, .box_h = 13, .ofs_x = 0, .ofs_y = -2},
    {.bitmap_index = 5946, .adv_w = 224, .box_w = 14, .box_h = 14, .ofs_x = 0, .ofs_y = -2},
    {.bitmap_index = 5971, .adv_w = 224, .box_w = 13, .box_h = 14, .ofs_x = 1, .ofs_y = -2},
    {.bitmap_index = 5994, .adv_w = 224, .box_w = 12, .box_h = 13, .ofs_x = 1, .ofs_y = -1},
    {.bitmap_index = 6014, .adv_w = 224, .box_w = 14, .box_h = 14, .ofs_x = 0, .ofs_y = -2},
    {.bitmap_index = 6039, .adv_w = 224, .box_w = 13, .box_h = 15, .ofs_x = 0, .ofs_y = -3},
    {.bitmap_index = 6064, .adv_w = 224, .box_w = 14, .box_h = 14, .ofs_x = 0, .ofs_y = -2},
    {.bitmap_index = 6089, .adv_w = 224, .box_w = 13, .box_h = 14, .ofs_x = 1, .ofs_y = -2},
    {.bitmap_index = 6112, .adv_w = 224, .box_w = 14, .box_h = 14, .ofs_x = 0, .ofs_y = -2},
    {.bitmap_index = 6137, .adv_w = 224, .box_w = 14, .box_h = 14, .ofs_x = 0, .ofs_y = -2},
    {.bitmap_index = 6162, .adv_w = 224, .box_w = 13, .box_h = 13, .ofs_x = 0, .ofs_y = -2},
    {.bitmap_index = 6184, .adv_w = 224, .box_w = 13, .box_h = 14, .ofs_x = 1, .ofs_y = -2},
    {.bitmap_index = 6207, .adv_w = 224, .box_w = 14, .box_h = 14, .ofs_x = 0, .ofs_y = -2},
    {.bitmap_index = 6232, .adv_w = 224, .box_w = 14, .box_h = 14, .ofs_x = 0, .ofs_y = -2},
    {.bitmap_index = 6257, .adv_w = 224, .box_w = 13, .box_h = 14, .ofs_x = 1, .ofs_y = -2},
    {.bitmap_index = 6280, .adv_w = 224, .box_w = 14, .box_h = 13, .ofs_x = 0, .ofs_y = -2},
    {.bitmap_index = 6303, .adv_w = 224, .box_w = 13, .box_h = 11, .ofs_x = 0, .ofs_y = -1},
    {.bitmap_index = 6321, .adv_w = 224, .box_w = 14, .box_h = 13, .ofs_x = 0, .ofs_y = -1},
    {.bitmap_index = 6344, .adv_w = 224, .box_w = 13, .box_h = 13, .ofs_x = 1, .ofs_y = -1},
    {.bitmap_index = 6366, .adv_w = 224, .box_w = 13, .box_h = 12, .ofs_x = 1, .ofs_y = -1},
    {.bitmap_index = 6386, .adv_w = 224, .box_w = 13, .box_h = 14, .ofs_x = 1, .ofs_y = -2},
    {.bitmap_index = 6409, .adv_w = 224, .box_w = 12, .box_h = 14, .ofs_x = 1, .ofs_y = -2},
    {.bitmap_index = 6430, .adv_w = 224, .box_w = 13, .box_h = 14, .ofs_x = 1, .ofs_y = -2},
    {.bitmap_index = 6453, .adv_w = 224, .box_w = 12, .box_h = 14, .ofs_x = 1, .ofs_y = -2},
    {.bitmap_index = 6474, .adv_w = 224, .box_w = 14, .box_h = 14, .ofs_x = -1, .ofs_y = -2},
    {.bitmap_index = 6499, .adv_w = 224, .box_w = 13, .box_h = 13, .ofs_x = 1, .ofs_y = -2},
    {.bitmap_index = 6521, .adv_w = 224, .box_w = 13, .box_h = 14, .ofs_x = 0, .ofs_y = -2},
    {.bitmap_index = 6544, .adv_w = 224, .box_w = 14, .box_h = 14, .ofs_x = 0, .ofs_y = -2},
    {.bitmap_index = 6569, .adv_w = 224, .box_w = 14, .box_h = 14, .ofs_x = 0, .ofs_y = -2},
    {.bitmap_index = 6594, .adv_w = 224, .box_w = 14, .box_h = 14, .ofs_x = 0, .ofs_y = -2},
    {.bitmap_index = 6619, .adv_w = 224, .box_w = 13, .box_h = 14, .ofs_x = 0, .ofs_y = -2},
    {.bitmap_index = 6642, .adv_w = 224, .box_w = 13, .box_h = 13, .ofs_x = 0, .ofs_y = -2},
    {.bitmap_index = 6664, .adv_w = 224, .box_w = 13, .box_h = 13, .ofs_x = 0, .ofs_y = -2},
    {.bitmap_index = 6686, .adv_w = 224, .box_w = 13, .box_h = 14, .ofs_x = 0, .ofs_y = -2},
    {.bitmap_index = 6709, .adv_w = 224, .box_w = 13, .box_h = 14, .ofs_x = 1, .ofs_y = -2},
    {.bitmap_index = 6732, .adv_w = 224, .box_w = 14, .box_h = 14, .ofs_x = 0, .ofs_y = -2},
    {.bitmap_index = 6757, .adv_w = 224, .box_w = 14, .box_h = 14, .ofs_x = 0, .ofs_y = -2},
    {.bitmap_index = 6782, .adv_w = 224, .box_w = 13, .box_h = 13, .ofs_x = 0, .ofs_y = -2},
    {.bitmap_index = 6804, .adv_w = 224, .box_w = 12, .box_h = 14, .ofs_x = 1, .ofs_y = -2},
    {.bitmap_index = 6825, .adv_w = 224, .box_w = 13, .box_h = 14, .ofs_x = 1, .ofs_y = -2},
    {.bitmap_index = 6848, .adv_w = 224, .box_w = 13, .box_h = 13, .ofs_x = 0, .ofs_y = -2},
    {.bitmap_index = 6870, .adv_w = 224, .box_w = 13, .box_h = 14, .ofs_x = 0, .ofs_y = -2},
    {.bitmap_index = 6893, .adv_w = 224, .box_w = 14, .box_h = 13, .ofs_x = 0, .ofs_y = -2},
    {.bitmap_index = 6916, .adv_w = 224, .box_w = 14, .box_h = 14, .ofs_x = 0, .ofs_y = -2},
    {.bitmap_index = 6941, .adv_w = 224, .box_w = 13, .box_h = 14, .ofs_x = 0, .ofs_y = -2},
    {.bitmap_index = 6964, .adv_w = 224, .box_w = 14, .box_h = 14, .ofs_x = 0, .ofs_y = -2},
    {.bitmap_index = 6989, .adv_w = 224, .box_w = 14, .box_h = 13, .ofs_x = 0, .ofs_y = -1},
    {.bitmap_index = 7012, .adv_w = 224, .box_w = 14, .box_h = 13, .ofs_x = 0, .ofs_y = -1},
    {.bitmap_index = 7035, .adv_w = 224, .box_w = 14, .box_h = 14, .ofs_x = 0, .ofs_y = -2},
    {.bitmap_index = 7060, .adv_w = 224, .box_w = 13, .box_h = 14, .ofs_x = 1, .ofs_y = -2},
    {.bitmap_index = 7083, .adv_w = 224, .box_w = 14, .box_h = 14, .ofs_x = 0, .ofs_y = -2},
    {.bitmap_index = 7108, .adv_w = 224, .box_w = 13, .box_h = 14, .ofs_x = 0, .ofs_y = -2},
    {.bitmap_index = 7131, .adv_w = 224, .box_w = 14, .box_h = 13, .ofs_x = 0, .ofs_y = -2},
    {.bitmap_index = 7154, .adv_w = 224, .box_w = 13, .box_h = 14, .ofs_x = 0, .ofs_y = -2},
    {.bitmap_index = 7177, .adv_w = 224, .box_w = 13, .box_h = 13, .ofs_x = 0, .ofs_y = -2},
    {.bitmap_index = 7199, .adv_w = 224, .box_w = 14, .box_h = 14, .ofs_x = 0, .ofs_y = -2},
    {.bitmap_index = 7224, .adv_w = 224, .box_w = 13, .box_h = 14, .ofs_x = 1, .ofs_y = -2},
    {.bitmap_index = 7247, .adv_w = 224, .box_w = 13, .box_h = 14, .ofs_x = 0, .ofs_y = -2},
    {.bitmap_index = 7270, .adv_w = 224, .box_w = 14, .box_h = 14, .ofs_x = 0, .ofs_y = -2},
    {.bitmap_index = 7295, .adv_w = 224, .box_w = 13, .box_h = 14, .ofs_x = 1, .ofs_y = -2},
    {.bitmap_index = 7318, .adv_w = 224, .box_w = 13, .box_h = 14, .ofs_x = 0, .ofs_y = -2},
    {.bitmap_index = 7341, .adv_w = 224, .box_w = 14, .box_h = 14, .ofs_x = 0, .ofs_y = -2},
    {.bitmap_index = 7366, .adv_w = 224, .box_w = 13, .box_h = 13, .ofs_x = 1, .ofs_y = -2},
    {.bitmap_index = 7388, .adv_w = 224, .box_w = 13, .box_h = 14, .ofs_x = 1, .ofs_y = -2},
    {.bitmap_index = 7411, .adv_w = 224, .box_w = 13, .box_h = 14, .ofs_x = 1, .ofs_y = -2},
    {.bitmap_index = 7434, .adv_w = 224, .box_w = 13, .box_h = 14, .ofs_x = 0, .ofs_y = -2},
    {.bitmap_index = 7457, .adv_w = 224, .box_w = 13, .box_h = 14, .ofs_x = 1, .ofs_y = -2},
    {.bitmap_index = 7480, .adv_w = 224, .box_w = 13, .box_h = 14, .ofs_x = 1, .ofs_y = -2},
    {.bitmap_index = 7503, .adv_w = 224, .box_w = 14, .box_h = 14, .ofs_x = 0, .ofs_y = -2},
    {.bitmap_index = 7528, .adv_w = 224, .box_w = 14, .box_h = 14, .ofs_x = 0, .ofs_y = -2},
    {.bitmap_index = 7553, .adv_w = 224, .box_w = 13, .box_h = 14, .ofs_x = 1, .ofs_y = -2},
    {.bitmap_index = 7576, .adv_w = 224, .box_w = 14, .box_h = 14, .ofs_x = 0, .ofs_y = -2},
    {.bitmap_index = 7601, .adv_w = 224, .box_w = 14, .box_h = 14, .ofs_x = 0, .ofs_y = -2},
    {.bitmap_index = 7626, .adv_w = 224, .box_w = 14, .box_h = 14, .ofs_x = 0, .ofs_y = -2},
    {.bitmap_index = 7651, .adv_w = 224, .box_w = 13, .box_h = 14, .ofs_x = 0, .ofs_y = -2},
    {.bitmap_index = 7674, .adv_w = 224, .box_w = 13, .box_h = 14, .ofs_x = 0, .ofs_y = -2},
    {.bitmap_index = 7697, .adv_w = 224, .box_w = 14, .box_h = 14, .ofs_x = 0, .ofs_y = -2},
    {.bitmap_index = 7722, .adv_w = 224, .box_w = 13, .box_h = 14, .ofs_x = 0, .ofs_y = -2},
    {.bitmap_index = 7745, .adv_w = 224, .box_w = 13, .box_h = 14, .ofs_x = 1, .ofs_y = -2},
    {.bitmap_index = 7768, .adv_w = 224, .box_w = 13, .box_h = 14, .ofs_x = 0, .ofs_y = -2},
    {.bitmap_index = 7791, .adv_w = 224, .box_w = 14, .box_h = 14, .ofs_x = 0, .ofs_y = -2},
    {.bitmap_index = 7816, .adv_w = 224, .box_w = 14, .box_h = 14, .ofs_x = 0, .ofs_y = -2},
    {.bitmap_index = 7841, .adv_w = 224, .box_w = 13, .box_h = 14, .ofs_x = 0, .ofs_y = -2},
    {.bitmap_index = 7864, .adv_w = 224, .box_w = 14, .box_h = 14, .ofs_x = 0, .ofs_y = -2},
    {.bitmap_index = 7889, .adv_w = 224, .box_w = 13, .box_h = 14, .ofs_x = 0, .ofs_y = -2},
    {.bitmap_index = 7912, .adv_w = 224, .box_w = 14, .box_h = 14, .ofs_x = 0, .ofs_y = -2},
    {.bitmap_index = 7937, .adv_w = 224, .box_w = 13, .box_h = 14, .ofs_x = 0, .ofs_y = -2},
    {.bitmap_index = 7960, .adv_w = 224, .box_w = 13, .box_h = 14, .ofs_x = 0, .ofs_y = -2},
    {.bitmap_index = 7983, .adv_w = 224, .box_w = 13, .box_h = 14, .ofs_x = 0, .ofs_y = -2},
    {.bitmap_index = 8006, .adv_w = 224, .box_w = 13, .box_h = 14, .ofs_x = 1, .ofs_y = -2},
    {.bitmap_index = 8029, .adv_w = 224, .box_w = 14, .box_h = 14, .ofs_x = 0, .ofs_y = -2},
    {.bitmap_index = 8054, .adv_w = 224, .box_w = 14, .box_h = 14, .ofs_x = 0, .ofs_y = -2},
    {.bitmap_index = 8079, .adv_w = 224, .box_w = 14, .box_h = 14, .ofs_x = 0, .ofs_y = -2},
    {.bitmap_index = 8104, .adv_w = 224, .box_w = 14, .box_h = 14, .ofs_x = 0, .ofs_y = -2},
    {.bitmap_index = 8129, .adv_w = 224, .box_w = 13, .box_h = 14, .ofs_x = 0, .ofs_y = -2},
    {.bitmap_index = 8152, .adv_w = 224, .box_w = 13, .box_h = 13, .ofs_x = 0, .ofs_y = -2},
    {.bitmap_index = 8174, .adv_w = 224, .box_w = 13, .box_h = 14, .ofs_x = 1, .ofs_y = -2},
    {.bitmap_index = 8197, .adv_w = 224, .box_w = 14, .box_h = 14, .ofs_x = 0, .ofs_y = -2},
    {.bitmap_index = 8222, .adv_w = 224, .box_w = 13, .box_h = 13, .ofs_x = 1, .ofs_y = -2},
    {.bitmap_index = 8244, .adv_w = 224, .box_w = 13, .box_h = 14, .ofs_x = 0, .ofs_y = -3},
    {.bitmap_index = 8267, .adv_w = 224, .box_w = 13, .box_h = 14, .ofs_x = 1, .ofs_y = -3},
    {.bitmap_index = 8290, .adv_w = 224, .box_w = 10, .box_h = 13, .ofs_x = 2, .ofs_y = -2},
    {.bitmap_index = 8307, .adv_w = 224, .box_w = 13, .box_h = 14, .ofs_x = 1, .ofs_y = -2},
    {.bitmap_index = 8330, .adv_w = 224, .box_w = 12, .box_h = 13, .ofs_x = 1, .ofs_y = -2},
    {.bitmap_index = 8350, .adv_w = 224, .box_w = 13, .box_h = 14, .ofs_x = 1, .ofs_y = -2},
    {.bitmap_index = 8373, .adv_w = 224, .box_w = 13, .box_h = 14, .ofs_x = 1, .ofs_y = -3},
    {.bitmap_index = 8396, .adv_w = 224, .box_w = 13, .box_h = 12, .ofs_x = 0, .ofs_y = -1},
    {.bitmap_index = 8416, .adv_w = 224, .box_w = 13, .box_h = 14, .ofs_x = 1, .ofs_y = -2},
    {.bitmap_index = 8439, .adv_w = 224, .box_w = 13, .box_h = 14, .ofs_x = 0, .ofs_y = -2},
    {.bitmap_index = 8462, .adv_w = 224, .box_w = 13, .box_h = 14, .ofs_x = 1, .ofs_y = -2},
    {.bitmap_index = 8485, .adv_w = 224, .box_w = 14, .box_h = 14, .ofs_x = 0, .ofs_y = -2},
    {.bitmap_index = 8510, .adv_w = 224, .box_w = 13, .box_h = 13, .ofs_x = 1, .ofs_y = -2},
    {.bitmap_index = 8532, .adv_w = 224, .box_w = 12, .box_h = 14, .ofs_x = 1, .ofs_y = -2},
    {.bitmap_index = 8553, .adv_w = 224, .box_w = 14, .box_h = 13, .ofs_x = 0, .ofs_y = -2},
    {.bitmap_index = 8576, .adv_w = 224, .box_w = 13, .box_h = 14, .ofs_x = 1, .ofs_y = -2},
    {.bitmap_index = 8599, .adv_w = 224, .box_w = 14, .box_h = 13, .ofs_x = 0, .ofs_y = -2},
    {.bitmap_index = 8622, .adv_w = 224, .box_w = 13, .box_h = 14, .ofs_x = 1, .ofs_y = -2},
    {.bitmap_index = 8645, .adv_w = 224, .box_w = 14, .box_h = 13, .ofs_x = 0, .ofs_y = -2},
    {.bitmap_index = 8668, .adv_w = 224, .box_w = 13, .box_h = 14, .ofs_x = 0, .ofs_y = -2},
    {.bitmap_index = 8691, .adv_w = 224, .box_w = 13, .box_h = 14, .ofs_x = 0, .ofs_y = -2},
    {.bitmap_index = 8714, .adv_w = 224, .box_w = 13, .box_h = 14, .ofs_x = 0, .ofs_y = -2},
    {.bitmap_index = 8737, .adv_w = 224, .box_w = 13, .box_h = 14, .ofs_x = 1, .ofs_y = -2},
    {.bitmap_index = 8760, .adv_w = 224, .box_w = 14, .box_h = 14, .ofs_x = 0, .ofs_y = -2},
    {.bitmap_index = 8785, .adv_w = 224, .box_w = 13, .box_h = 14, .ofs_x = 0, .ofs_y = -2},
    {.bitmap_index = 8808, .adv_w = 224, .box_w = 14, .box_h = 14, .ofs_x = 0, .ofs_y = -2},
    {.bitmap_index = 8833, .adv_w = 224, .box_w = 13, .box_h = 13, .ofs_x = 1, .ofs_y = -2},
    {.bitmap_index = 8855, .adv_w = 224, .box_w = 13, .box_h = 13, .ofs_x = 0, .ofs_y = -1},
    {.bitmap_index = 8877, .adv_w = 224, .box_w = 14, .box_h = 14, .ofs_x = 0, .ofs_y = -2},
    {.bitmap_index = 8902, .adv_w = 224, .box_w = 14, .box_h = 14, .ofs_x = 0, .ofs_y = -2},
    {.bitmap_index = 8927, .adv_w = 224, .box_w = 14, .box_h = 14, .ofs_x = 0, .ofs_y = -2},
    {.bitmap_index = 8952, .adv_w = 224, .box_w = 13, .box_h = 14, .ofs_x = 1, .ofs_y = -2},
    {.bitmap_index = 8975, .adv_w = 224, .box_w = 13, .box_h = 14, .ofs_x = 1, .ofs_y = -2},
    {.bitmap_index = 8998, .adv_w = 224, .box_w = 14, .box_h = 14, .ofs_x = 0, .ofs_y = -2},
    {.bitmap_index = 9023, .adv_w = 224, .box_w = 14, .box_h = 14, .ofs_x = 0, .ofs_y = -2},
    {.bitmap_index = 9048, .adv_w = 224, .box_w = 13, .box_h = 14, .ofs_x = 1, .ofs_y = -2},
    {.bitmap_index = 9071, .adv_w = 224, .box_w = 14, .box_h = 14, .ofs_x = 0, .ofs_y = -2},
    {.bitmap_index = 9096, .adv_w = 224, .box_w = 14, .box_h = 14, .ofs_x = 0, .ofs_y = -2},
    {.bitmap_index = 9121, .adv_w = 224, .box_w = 14, .box_h = 13, .ofs_x = 0, .ofs_y = -2},
    {.bitmap_index = 9144, .adv_w = 224, .box_w = 13, .box_h = 13, .ofs_x = 1, .ofs_y = -1},
    {.bitmap_index = 9166, .adv_w = 224, .box_w = 14, .box_h = 11, .ofs_x = 0, .ofs_y = -1},
    {.bitmap_index = 9186, .adv_w = 224, .box_w = 13, .box_h = 14, .ofs_x = 1, .ofs_y = -2},
    {.bitmap_index = 9209, .adv_w = 224, .box_w = 13, .box_h = 14, .ofs_x = 1, .ofs_y = -2},
    {.bitmap_index = 9232, .adv_w = 224, .box_w = 14, .box_h = 14, .ofs_x = 0, .ofs_y = -2},
    {.bitmap_index = 9257, .adv_w = 224, .box_w = 14, .box_h = 14, .ofs_x = 0, .ofs_y = -2},
    {.bitmap_index = 9282, .adv_w = 224, .box_w = 13, .box_h = 14, .ofs_x = 0, .ofs_y = -2},
    {.bitmap_index = 9305, .adv_w = 224, .box_w = 13, .box_h = 14, .ofs_x = 0, .ofs_y = -2},
    {.bitmap_index = 9328, .adv_w = 224, .box_w = 13, .box_h = 14, .ofs_x = 0, .ofs_y = -2},
    {.bitmap_index = 9351, .adv_w = 224, .box_w = 14, .box_h = 14, .ofs_x = 0, .ofs_y = -2},
    {.bitmap_index = 9376, .adv_w = 224, .box_w = 14, .box_h = 14, .ofs_x = 0, .ofs_y = -2},
    {.bitmap_index = 9401, .adv_w = 224, .box_w = 14, .box_h = 14, .ofs_x = 0, .ofs_y = -2},
    {.bitmap_index = 9426, .adv_w = 224, .box_w = 14, .box_h = 14, .ofs_x = 0, .ofs_y = -2},
    {.bitmap_index = 9451, .adv_w = 224, .box_w = 13, .box_h = 14, .ofs_x = 1, .ofs_y = -2},
    {.bitmap_index = 9474, .adv_w = 224, .box_w = 13, .box_h = 14, .ofs_x = 0, .ofs_y = -2},
    {.bitmap_index = 9497, .adv_w = 224, .box_w = 13, .box_h = 14, .ofs_x = 1, .ofs_y = -2},
    {.bitmap_index = 9520, .adv_w = 224, .box_w = 14, .box_h = 13, .ofs_x = 0, .ofs_y = -2},
    {.bitmap_index = 9543, .adv_w = 224, .box_w = 13, .box_h = 14, .ofs_x = 1, .ofs_y = -2},
    {.bitmap_index = 9566, .adv_w = 224, .box_w = 14, .box_h = 14, .ofs_x = 0, .ofs_y = -2},
    {.bitmap_index = 9591, .adv_w = 224, .box_w = 14, .box_h = 14, .ofs_x = -1, .ofs_y = -2},
    {.bitmap_index = 9616, .adv_w = 224, .box_w = 13, .box_h = 14, .ofs_x = 0, .ofs_y = -2},
    {.bitmap_index = 9639, .adv_w = 224, .box_w = 14, .box_h = 14, .ofs_x = 0, .ofs_y = -2},
    {.bitmap_index = 9664, .adv_w = 224, .box_w = 13, .box_h = 14, .ofs_x = 0, .ofs_y = -2},
    {.bitmap_index = 9687, .adv_w = 224, .box_w = 13, .box_h = 14, .ofs_x = 0, .ofs_y = -2},
    {.bitmap_index = 9710, .adv_w = 224, .box_w = 14, .box_h = 14, .ofs_x = 0, .ofs_y = -2},
    {.bitmap_index = 9735, .adv_w = 224, .box_w = 14, .box_h = 13, .ofs_x = 0, .ofs_y = -2},
    {.bitmap_index = 9758, .adv_w = 224, .box_w = 14, .box_h = 14, .ofs_x = 0, .ofs_y = -2},
    {.bitmap_index = 9783, .adv_w = 224, .box_w = 13, .box_h = 14, .ofs_x = 1, .ofs_y = -2},
    {.bitmap_index = 9806, .adv_w = 224, .box_w = 14, .box_h = 14, .ofs_x = 0, .ofs_y = -2},
    {.bitmap_index = 9831, .adv_w = 224, .box_w = 13, .box_h = 13, .ofs_x = 0, .ofs_y = -2},
    {.bitmap_index = 9853, .adv_w = 224, .box_w = 13, .box_h = 14, .ofs_x = 0, .ofs_y = -2},
    {.bitmap_index = 9876, .adv_w = 224, .box_w = 14, .box_h = 14, .ofs_x = 0, .ofs_y = -2},
    {.bitmap_index = 9901, .adv_w = 224, .box_w = 13, .box_h = 13, .ofs_x = 0, .ofs_y = -1},
    {.bitmap_index = 9923, .adv_w = 224, .box_w = 13, .box_h = 14, .ofs_x = 1, .ofs_y = -2},
    {.bitmap_index = 9946, .adv_w = 224, .box_w = 13, .box_h = 13, .ofs_x = 0, .ofs_y = -2},
    {.bitmap_index = 9968, .adv_w = 224, .box_w = 13, .box_h = 13, .ofs_x = 1, .ofs_y = -1},
    {.bitmap_index = 9990, .adv_w = 224, .box_w = 13, .box_h = 13, .ofs_x = 0, .ofs_y = -2},
    {.bitmap_index = 10012, .adv_w = 224, .box_w = 11, .box_h = 14, .ofs_x = 1, .ofs_y = -2},
    {.bitmap_index = 10032, .adv_w = 224, .box_w = 13, .box_h = 13, .ofs_x = 1, .ofs_y = -1},
    {.bitmap_index = 10054, .adv_w = 224, .box_w = 13, .box_h = 13, .ofs_x = 0, .ofs_y = -2},
    {.bitmap_index = 10076, .adv_w = 224, .box_w = 13, .box_h = 13, .ofs_x = 1, .ofs_y = -2},
    {.bitmap_index = 10098, .adv_w = 224, .box_w = 13, .box_h = 13, .ofs_x = 0, .ofs_y = -2},
    {.bitmap_index = 10120, .adv_w = 224, .box_w = 11, .box_h = 14, .ofs_x = 1, .ofs_y = -2},
    {.bitmap_index = 10140, .adv_w = 224, .box_w = 13, .box_h = 13, .ofs_x = 0, .ofs_y = -2},
    {.bitmap_index = 10162, .adv_w = 224, .box_w = 12, .box_h = 13, .ofs_x = 1, .ofs_y = -2},
    {.bitmap_index = 10182, .adv_w = 224, .box_w = 13, .box_h = 12, .ofs_x = 1, .ofs_y = -1},
    {.bitmap_index = 10202, .adv_w = 224, .box_w = 10, .box_h = 13, .ofs_x = 2, .ofs_y = -2},
    {.bitmap_index = 10219, .adv_w = 224, .box_w = 14, .box_h = 13, .ofs_x = 0, .ofs_y = -1},
    {.bitmap_index = 10242, .adv_w = 224, .box_w = 13, .box_h = 14, .ofs_x = 0, .ofs_y = -2},
    {.bitmap_index = 10265, .adv_w = 224, .box_w = 13, .box_h = 13, .ofs_x = 1, .ofs_y = -2},
    {.bitmap_index = 10287, .adv_w = 224, .box_w = 13, .box_h = 14, .ofs_x = 1, .ofs_y = -2},
    {.bitmap_index = 10310, .adv_w = 224, .box_w = 13, .box_h = 13, .ofs_x = 1, .ofs_y = -2},
    {.bitmap_index = 10332, .adv_w = 224, .box_w = 12, .box_h = 13, .ofs_x = 1, .ofs_y = -2},
    {.bitmap_index = 10352, .adv_w = 224, .box_w = 14, .box_h = 14, .ofs_x = 0, .ofs_y = -2},
    {.bitmap_index = 10377, .adv_w = 224, .box_w = 13, .box_h = 13, .ofs_x = 0, .ofs_y = -2},
    {.bitmap_index = 10399, .adv_w = 224, .box_w = 13, .box_h = 14, .ofs_x = 0, .ofs_y = -2},
    {.bitmap_index = 10422, .adv_w = 224, .box_w = 14, .box_h = 13, .ofs_x = 0, .ofs_y = -2},
    {.bitmap_index = 10445, .adv_w = 224, .box_w = 13, .box_h = 13, .ofs_x = 0, .ofs_y = -2},
    {.bitmap_index = 10467, .adv_w = 224, .box_w = 14, .box_h = 14, .ofs_x = 0, .ofs_y = -2},
    {.bitmap_index = 10492, .adv_w = 224, .box_w = 14, .box_h = 13, .ofs_x = 0, .ofs_y = -2},
    {.bitmap_index = 10515, .adv_w = 224, .box_w = 14, .box_h = 13, .ofs_x = 0, .ofs_y = -2},
    {.bitmap_index = 10538, .adv_w = 224, .box_w = 14, .box_h = 13, .ofs_x = 0, .ofs_y = -2},
    {.bitmap_index = 10561, .adv_w = 224, .box_w = 14, .box_h = 14, .ofs_x = 0, .ofs_y = -2},
    {.bitmap_index = 10586, .adv_w = 224, .box_w = 14, .box_h = 13, .ofs_x = -1, .ofs_y = -1},
    {.bitmap_index = 10609, .adv_w = 224, .box_w = 14, .box_h = 13, .ofs_x = 0, .ofs_y = -2},
    {.bitmap_index = 10632, .adv_w = 224, .box_w = 13, .box_h = 13, .ofs_x = 0, .ofs_y = -1},
    {.bitmap_index = 10654, .adv_w = 224, .box_w = 14, .box_h = 14, .ofs_x = 0, .ofs_y = -2},
    {.bitmap_index = 10679, .adv_w = 224, .box_w = 13, .box_h = 14, .ofs_x = 0, .ofs_y = -2},
    {.bitmap_index = 10702, .adv_w = 224, .box_w = 13, .box_h = 14, .ofs_x = 0, .ofs_y = -2},
    {.bitmap_index = 10725, .adv_w = 224, .box_w = 13, .box_h = 14, .ofs_x = 1, .ofs_y = -2},
    {.bitmap_index = 10748, .adv_w = 224, .box_w = 13, .box_h = 14, .ofs_x = 0, .ofs_y = -2},
    {.bitmap_index = 10771, .adv_w = 224, .box_w = 14, .box_h = 14, .ofs_x = 0, .ofs_y = -2},
    {.bitmap_index = 10796, .adv_w = 224, .box_w = 13, .box_h = 14, .ofs_x = 1, .ofs_y = -2},
    {.bitmap_index = 10819, .adv_w = 224, .box_w = 13, .box_h = 13, .ofs_x = 0, .ofs_y = -1},
    {.bitmap_index = 10841, .adv_w = 224, .box_w = 13, .box_h = 14, .ofs_x = 0, .ofs_y = -2},
    {.bitmap_index = 10864, .adv_w = 224, .box_w = 13, .box_h = 13, .ofs_x = 0, .ofs_y = -2},
    {.bitmap_index = 10886, .adv_w = 224, .box_w = 13, .box_h = 14, .ofs_x = 0, .ofs_y = -2},
    {.bitmap_index = 10909, .adv_w = 224, .box_w = 13, .box_h = 14, .ofs_x = 1, .ofs_y = -2},
    {.bitmap_index = 10932, .adv_w = 224, .box_w = 13, .box_h = 13, .ofs_x = 1, .ofs_y = -1},
    {.bitmap_index = 10954, .adv_w = 224, .box_w = 14, .box_h = 14, .ofs_x = 0, .ofs_y = -2},
    {.bitmap_index = 10979, .adv_w = 224, .box_w = 13, .box_h = 14, .ofs_x = 1, .ofs_y = -2},
    {.bitmap_index = 11002, .adv_w = 224, .box_w = 14, .box_h = 14, .ofs_x = 0, .ofs_y = -2},
    {.bitmap_index = 11027, .adv_w = 224, .box_w = 14, .box_h = 14, .ofs_x = 0, .ofs_y = -2},
    {.bitmap_index = 11052, .adv_w = 224, .box_w = 14, .box_h = 14, .ofs_x = 0, .ofs_y = -2},
    {.bitmap_index = 11077, .adv_w = 224, .box_w = 12, .box_h = 13, .ofs_x = 1, .ofs_y = -2},
    {.bitmap_index = 11097, .adv_w = 224, .box_w = 14, .box_h = 13, .ofs_x = 0, .ofs_y = -2},
    {.bitmap_index = 11120, .adv_w = 224, .box_w = 13, .box_h = 13, .ofs_x = 1, .ofs_y = -1},
    {.bitmap_index = 11142, .adv_w = 224, .box_w = 13, .box_h = 14, .ofs_x = 1, .ofs_y = -2},
    {.bitmap_index = 11165, .adv_w = 224, .box_w = 14, .box_h = 14, .ofs_x = 0, .ofs_y = -2},
    {.bitmap_index = 11190, .adv_w = 224, .box_w = 14, .box_h = 14, .ofs_x = 0, .ofs_y = -2},
    {.bitmap_index = 11215, .adv_w = 224, .box_w = 14, .box_h = 14, .ofs_x = 0, .ofs_y = -2},
    {.bitmap_index = 11240, .adv_w = 224, .box_w = 14, .box_h = 14, .ofs_x = 0, .ofs_y = -2},
    {.bitmap_index = 11265, .adv_w = 224, .box_w = 11, .box_h = 14, .ofs_x = 2, .ofs_y = -2},
    {.bitmap_index = 11285, .adv_w = 224, .box_w = 14, .box_h = 14, .ofs_x = 1, .ofs_y = -2},
    {.bitmap_index = 11310, .adv_w = 224, .box_w = 14, .box_h = 12, .ofs_x = 0, .ofs_y = -1},
    {.bitmap_index = 11331, .adv_w = 224, .box_w = 13, .box_h = 13, .ofs_x = 0, .ofs_y = -1},
    {.bitmap_index = 11353, .adv_w = 224, .box_w = 13, .box_h = 14, .ofs_x = 0, .ofs_y = -2},
    {.bitmap_index = 11376, .adv_w = 224, .box_w = 13, .box_h = 14, .ofs_x = 1, .ofs_y = -2},
    {.bitmap_index = 11399, .adv_w = 224, .box_w = 13, .box_h = 14, .ofs_x = 1, .ofs_y = -2},
    {.bitmap_index = 11422, .adv_w = 224, .box_w = 13, .box_h = 14, .ofs_x = 1, .ofs_y = -2},
    {.bitmap_index = 11445, .adv_w = 224, .box_w = 13, .box_h = 14, .ofs_x = 1, .ofs_y = -2},
    {.bitmap_index = 11468, .adv_w = 224, .box_w = 13, .box_h = 14, .ofs_x = 1, .ofs_y = -2},
    {.bitmap_index = 11491, .adv_w = 224, .box_w = 13, .box_h = 14, .ofs_x = 1, .ofs_y = -2},
    {.bitmap_index = 11514, .adv_w = 224, .box_w = 14, .box_h = 14, .ofs_x = 0, .ofs_y = -2},
    {.bitmap_index = 11539, .adv_w = 224, .box_w = 14, .box_h = 14, .ofs_x = 0, .ofs_y = -2},
    {.bitmap_index = 11564, .adv_w = 224, .box_w = 13, .box_h = 14, .ofs_x = 0, .ofs_y = -2},
    {.bitmap_index = 11587, .adv_w = 224, .box_w = 13, .box_h = 14, .ofs_x = 1, .ofs_y = -2},
    {.bitmap_index = 11610, .adv_w = 224, .box_w = 13, .box_h = 14, .ofs_x = 1, .ofs_y = -2},
    {.bitmap_index = 11633, .adv_w = 224, .box_w = 13, .box_h = 13, .ofs_x = 1, .ofs_y = -1},
    {.bitmap_index = 11655, .adv_w = 224, .box_w = 13, .box_h = 14, .ofs_x = 0, .ofs_y = -2},
    {.bitmap_index = 11678, .adv_w = 224, .box_w = 13, .box_h = 14, .ofs_x = 0, .ofs_y = -2},
    {.bitmap_index = 11701, .adv_w = 224, .box_w = 14, .box_h = 13, .ofs_x = 0, .ofs_y = -2},
    {.bitmap_index = 11724, .adv_w = 224, .box_w = 14, .box_h = 13, .ofs_x = 0, .ofs_y = -2},
    {.bitmap_index = 11747, .adv_w = 224, .box_w = 13, .box_h = 14, .ofs_x = 0, .ofs_y = -2},
    {.bitmap_index = 11770, .adv_w = 224, .box_w = 14, .box_h = 14, .ofs_x = 0, .ofs_y = -2},
    {.bitmap_index = 11795, .adv_w = 224, .box_w = 13, .box_h = 14, .ofs_x = 0, .ofs_y = -2},
    {.bitmap_index = 11818, .adv_w = 224, .box_w = 13, .box_h = 14, .ofs_x = 1, .ofs_y = -2},
    {.bitmap_index = 11841, .adv_w = 224, .box_w = 13, .box_h = 14, .ofs_x = 0, .ofs_y = -2},
    {.bitmap_index = 11864, .adv_w = 224, .box_w = 13, .box_h = 14, .ofs_x = 0, .ofs_y = -2},
    {.bitmap_index = 11887, .adv_w = 224, .box_w = 14, .box_h = 14, .ofs_x = 0, .ofs_y = -2},
    {.bitmap_index = 11912, .adv_w = 224, .box_w = 14, .box_h = 14, .ofs_x = 0, .ofs_y = -2},
    {.bitmap_index = 11937, .adv_w = 224, .box_w = 13, .box_h = 14, .ofs_x = 0, .ofs_y = -2},
    {.bitmap_index = 11960, .adv_w = 224, .box_w = 13, .box_h = 14, .ofs_x = 0, .ofs_y = -2},
    {.bitmap_index = 11983, .adv_w = 224, .box_w = 13, .box_h = 14, .ofs_x = 0, .ofs_y = -2},
    {.bitmap_index = 12006, .adv_w = 224, .box_w = 13, .box_h = 14, .ofs_x = 0, .ofs_y = -2},
    {.bitmap_index = 12029, .adv_w = 224, .box_w = 14, .box_h = 13, .ofs_x = 0, .ofs_y = -2},
    {.bitmap_index = 12052, .adv_w = 224, .box_w = 14, .box_h = 14, .ofs_x = 0, .ofs_y = -3},
    {.bitmap_index = 12077, .adv_w = 224, .box_w = 14, .box_h = 14, .ofs_x = 0, .ofs_y = -2},
    {.bitmap_index = 12102, .adv_w = 224, .box_w = 14, .box_h = 14, .ofs_x = 0, .ofs_y = -2},
    {.bitmap_index = 12127, .adv_w = 224, .box_w = 14, .box_h = 13, .ofs_x = 0, .ofs_y = -2},
    {.bitmap_index = 12150, .adv_w = 224, .box_w = 14, .box_h = 13, .ofs_x = 0, .ofs_y = -2},
    {.bitmap_index = 12173, .adv_w = 224, .box_w = 13, .box_h = 14, .ofs_x = 0, .ofs_y = -2},
    {.bitmap_index = 12196, .adv_w = 224, .box_w = 14, .box_h = 14, .ofs_x = 0, .ofs_y = -2},
    {.bitmap_index = 12221, .adv_w = 224, .box_w = 12, .box_h = 14, .ofs_x = 1, .ofs_y = -2},
    {.bitmap_index = 12242, .adv_w = 224, .box_w = 14, .box_h = 14, .ofs_x = 0, .ofs_y = -2},
    {.bitmap_index = 12267, .adv_w = 224, .box_w = 14, .box_h = 14, .ofs_x = 0, .ofs_y = -2},
    {.bitmap_index = 12292, .adv_w = 224, .box_w = 13, .box_h = 13, .ofs_x = 0, .ofs_y = -2},
    {.bitmap_index = 12314, .adv_w = 224, .box_w = 13, .box_h = 15, .ofs_x = 1, .ofs_y = -3},
    {.bitmap_index = 12339, .adv_w = 224, .box_w = 14, .box_h = 15, .ofs_x = 0, .ofs_y = -3},
    {.bitmap_index = 12366, .adv_w = 224, .box_w = 13, .box_h = 14, .ofs_x = 0, .ofs_y = -2},
    {.bitmap_index = 12389, .adv_w = 224, .box_w = 14, .box_h = 14, .ofs_x = 0, .ofs_y = -2},
    {.bitmap_index = 12414, .adv_w = 224, .box_w = 13, .box_h = 14, .ofs_x = 0, .ofs_y = -2},
    {.bitmap_index = 12437, .adv_w = 224, .box_w = 14, .box_h = 14, .ofs_x = 0, .ofs_y = -2},
    {.bitmap_index = 12462, .adv_w = 224, .box_w = 14, .box_h = 14, .ofs_x = 0, .ofs_y = -2},
    {.bitmap_index = 12487, .adv_w = 224, .box_w = 14, .box_h = 14, .ofs_x = 0, .ofs_y = -2},
    {.bitmap_index = 12512, .adv_w = 224, .box_w = 14, .box_h = 14, .ofs_x = 0, .ofs_y = -2},
    {.bitmap_index = 12537, .adv_w = 224, .box_w = 14, .box_h = 14, .ofs_x = 0, .ofs_y = -2},
    {.bitmap_index = 12562, .adv_w = 224, .box_w = 13, .box_h = 14, .ofs_x = 0, .ofs_y = -2},
    {.bitmap_index = 12585, .adv_w = 224, .box_w = 14, .box_h = 14, .ofs_x = 0, .ofs_y = -2},
    {.bitmap_index = 12610, .adv_w = 224, .box_w = 13, .box_h = 14, .ofs_x = 0, .ofs_y = -2},
    {.bitmap_index = 12633, .adv_w = 224, .box_w = 14, .box_h = 14, .ofs_x = 0, .ofs_y = -2},
    {.bitmap_index = 12658, .adv_w = 224, .box_w = 13, .box_h = 13, .ofs_x = 0, .ofs_y = -1},
    {.bitmap_index = 12680, .adv_w = 224, .box_w = 13, .box_h = 13, .ofs_x = 0, .ofs_y = -1},
    {.bitmap_index = 12702, .adv_w = 224, .box_w = 14, .box_h = 13, .ofs_x = 0, .ofs_y = -1},
    {.bitmap_index = 12725, .adv_w = 224, .box_w = 14, .box_h = 14, .ofs_x = 0, .ofs_y = -2},
    {.bitmap_index = 12750, .adv_w = 224, .box_w = 14, .box_h = 14, .ofs_x = 0, .ofs_y = -2},
    {.bitmap_index = 12775, .adv_w = 224, .box_w = 14, .box_h = 14, .ofs_x = 0, .ofs_y = -2},
    {.bitmap_index = 12800, .adv_w = 224, .box_w = 14, .box_h = 14, .ofs_x = 0, .ofs_y = -2},
    {.bitmap_index = 12825, .adv_w = 224, .box_w = 14, .box_h = 13, .ofs_x = 0, .ofs_y = -2},
    {.bitmap_index = 12848, .adv_w = 224, .box_w = 13, .box_h = 13, .ofs_x = 0, .ofs_y = -2},
    {.bitmap_index = 12870, .adv_w = 224, .box_w = 13, .box_h = 14, .ofs_x = 0, .ofs_y = -2},
    {.bitmap_index = 12893, .adv_w = 224, .box_w = 14, .box_h = 13, .ofs_x = 0, .ofs_y = -2},
    {.bitmap_index = 12916, .adv_w = 224, .box_w = 14, .box_h = 14, .ofs_x = 0, .ofs_y = -2},
    {.bitmap_index = 12941, .adv_w = 224, .box_w = 14, .box_h = 14, .ofs_x = 0, .ofs_y = -2},
    {.bitmap_index = 12966, .adv_w = 224, .box_w = 14, .box_h = 14, .ofs_x = 0, .ofs_y = -2},
    {.bitmap_index = 12991, .adv_w = 224, .box_w = 14, .box_h = 14, .ofs_x = 0, .ofs_y = -2},
    {.bitmap_index = 13016, .adv_w = 224, .box_w = 14, .box_h = 13, .ofs_x = 0, .ofs_y = -2},
    {.bitmap_index = 13039, .adv_w = 224, .box_w = 14, .box_h = 14, .ofs_x = 0, .ofs_y = -2},
    {.bitmap_index = 13064, .adv_w = 224, .box_w = 13, .box_h = 13, .ofs_x = 1, .ofs_y = -2},
    {.bitmap_index = 13086, .adv_w = 224, .box_w = 13, .box_h = 12, .ofs_x = 1, .ofs_y = -1},
    {.bitmap_index = 13106, .adv_w = 224, .box_w = 14, .box_h = 13, .ofs_x = 0, .ofs_y = -2},
    {.bitmap_index = 13129, .adv_w = 224, .box_w = 13, .box_h = 14, .ofs_x = 0, .ofs_y = -2},
    {.bitmap_index = 13152, .adv_w = 224, .box_w = 13, .box_h = 14, .ofs_x = 0, .ofs_y = -2},
    {.bitmap_index = 13175, .adv_w = 224, .box_w = 13, .box_h = 13, .ofs_x = 1, .ofs_y = -2},
    {.bitmap_index = 13197, .adv_w = 224, .box_w = 13, .box_h = 14, .ofs_x = 0, .ofs_y = -2},
    {.bitmap_index = 13220, .adv_w = 224, .box_w = 13, .box_h = 14, .ofs_x = 0, .ofs_y = -2},
    {.bitmap_index = 13243, .adv_w = 224, .box_w = 14, .box_h = 14, .ofs_x = 0, .ofs_y = -2},
    {.bitmap_index = 13268, .adv_w = 224, .box_w = 14, .box_h = 14, .ofs_x = 0, .ofs_y = -2},
    {.bitmap_index = 13293, .adv_w = 224, .box_w = 12, .box_h = 13, .ofs_x = 1, .ofs_y = -2},
    {.bitmap_index = 13313, .adv_w = 224, .box_w = 12, .box_h = 13, .ofs_x = 1, .ofs_y = -2},
    {.bitmap_index = 13333, .adv_w = 224, .box_w = 12, .box_h = 14, .ofs_x = 1, .ofs_y = -2},
    {.bitmap_index = 13354, .adv_w = 224, .box_w = 12, .box_h = 14, .ofs_x = 1, .ofs_y = -2},
    {.bitmap_index = 13375, .adv_w = 224, .box_w = 12, .box_h = 14, .ofs_x = 1, .ofs_y = -2},
    {.bitmap_index = 13396, .adv_w = 224, .box_w = 13, .box_h = 14, .ofs_x = 1, .ofs_y = -2},
    {.bitmap_index = 13419, .adv_w = 224, .box_w = 12, .box_h = 14, .ofs_x = 1, .ofs_y = -2},
    {.bitmap_index = 13440, .adv_w = 224, .box_w = 14, .box_h = 14, .ofs_x = 0, .ofs_y = -2},
    {.bitmap_index = 13465, .adv_w = 224, .box_w = 13, .box_h = 13, .ofs_x = 1, .ofs_y = -2},
    {.bitmap_index = 13487, .adv_w = 224, .box_w = 13, .box_h = 13, .ofs_x = 0, .ofs_y = -2},
    {.bitmap_index = 13509, .adv_w = 224, .box_w = 13, .box_h = 14, .ofs_x = 0, .ofs_y = -2},
    {.bitmap_index = 13532, .adv_w = 224, .box_w = 14, .box_h = 14, .ofs_x = 0, .ofs_y = -2},
    {.bitmap_index = 13557, .adv_w = 224, .box_w = 14, .box_h = 14, .ofs_x = 0, .ofs_y = -2},
    {.bitmap_index = 13582, .adv_w = 224, .box_w = 13, .box_h = 13, .ofs_x = 0, .ofs_y = -2},
    {.bitmap_index = 13604, .adv_w = 224, .box_w = 13, .box_h = 14, .ofs_x = 0, .ofs_y = -2},
    {.bitmap_index = 13627, .adv_w = 224, .box_w = 14, .box_h = 14, .ofs_x = 1, .ofs_y = -2},
    {.bitmap_index = 13652, .adv_w = 224, .box_w = 13, .box_h = 13, .ofs_x = 1, .ofs_y = -2},
    {.bitmap_index = 13674, .adv_w = 224, .box_w = 14, .box_h = 13, .ofs_x = 0, .ofs_y = -2},
    {.bitmap_index = 13697, .adv_w = 224, .box_w = 13, .box_h = 14, .ofs_x = 0, .ofs_y = -2},
    {.bitmap_index = 13720, .adv_w = 224, .box_w = 14, .box_h = 13, .ofs_x = 0, .ofs_y = -2},
    {.bitmap_index = 13743, .adv_w = 224, .box_w = 14, .box_h = 14, .ofs_x = 0, .ofs_y = -2},
    {.bitmap_index = 13768, .adv_w = 224, .box_w = 13, .box_h = 14, .ofs_x = 1, .ofs_y = -2},
    {.bitmap_index = 13791, .adv_w = 224, .box_w = 14, .box_h = 13, .ofs_x = 0, .ofs_y = -2},
    {.bitmap_index = 13814, .adv_w = 224, .box_w = 14, .box_h = 14, .ofs_x = 0, .ofs_y = -2},
    {.bitmap_index = 13839, .adv_w = 224, .box_w = 13, .box_h = 13, .ofs_x = 0, .ofs_y = -2},
    {.bitmap_index = 13861, .adv_w = 224, .box_w = 1, .box_h = 10, .ofs_x = 3, .ofs_y = 0},
    {.bitmap_index = 13863, .adv_w = 224, .box_w = 3, .box_h = 13, .ofs_x = 9, .ofs_y = -2},
    {.bitmap_index = 13868, .adv_w = 224, .box_w = 3, .box_h = 13, .ofs_x = 2, .ofs_y = -2},
    {.bitmap_index = 13873, .adv_w = 224, .box_w = 2, .box_h = 3, .ofs_x = 2, .ofs_y = -2},
    {.bitmap_index = 13874, .adv_w = 224, .box_w = 2, .box_h = 7, .ofs_x = 2, .ofs_y = 0},
    {.bitmap_index = 13876, .adv_w = 224, .box_w = 5, .box_h = 11, .ofs_x = 1, .ofs_y = 0},
    {.bitmap_index = 13883, .adv_w = 224, .box_w = 7, .box_h = 2, .ofs_x = 3, .ofs_y = 3}
};

/*---------------------
 *  CHARACTER MAPPING
 *--------------------*/

static const uint8_t glyph_id_ofs_list_0[] = {
    0, 1, 2, 0, 0, 0, 0, 3,
    4, 5, 0, 6, 7, 8, 9, 10,
    11, 12, 13, 14, 15, 16, 17, 18,
    19, 20, 21, 0, 0, 0, 0, 22,
    0, 23, 24, 25, 26, 27, 28, 29,
    30, 31, 32, 33, 34, 35, 36, 37,
    38, 39, 40, 41, 42, 43, 44, 45,
    46, 47, 48, 49, 50, 51, 0, 52
};

static const uint16_t unicode_list_2[] = {
    0x0, 0x1, 0xb, 0x1b, 0x1f, 0x21, 0x29, 0x2c,
    0x31, 0x33, 0x36, 0x3f, 0x40, 0x41, 0x42, 0x44,
    0x47, 0x48, 0x49, 0x4a, 0x4d, 0x4e, 0x4f, 0x51,
    0x52, 0x53, 0x54, 0x56, 0x59, 0x5a, 0x5b, 0x5c
};

static const uint8_t glyph_id_ofs_list_3[] = {
    0, 1, 2, 3, 4, 5, 0, 6,
    7, 8, 9, 10, 11, 12, 13, 14,
    15, 16, 17, 18, 19, 20, 21, 22,
    23, 24, 0, 25
};

static const uint16_t unicode_list_5[] = {
    0x0, 0x3, 0x4, 0x5, 0xd, 0xfe8, 0xfe9, 0xff3,
    0xff4, 0x1029, 0x102b, 0x102d, 0x102f, 0x1031, 0x1032, 0x1033,
    0x1034, 0x1035, 0x1036, 0x1037, 0x1038, 0x103a, 0x103c, 0x103e,
    0x103f, 0x1040, 0x1041, 0x1042, 0x1046, 0x1047, 0x1048, 0x104a,
    0x104b, 0x104d, 0x104e, 0x104f, 0x1050, 0x1051, 0x1052, 0x1055,
    0x1056, 0x105d, 0x105f, 0x1062, 0x1065, 0x1066, 0x1068, 0x1069,
    0x106b, 0x1070, 0x1071, 0x1072, 0x1073, 0x1079, 0x107a
};

static const uint8_t glyph_id_ofs_list_6[] = {
    0, 1, 2, 3, 4, 5, 6, 7,
    0, 8, 9, 0, 10, 0, 11, 12,
    13, 14, 15, 0, 16, 17, 18, 19,
    20, 21, 22, 0, 23, 0, 24, 25,
    0, 0, 26, 27, 0, 28, 29, 30,
    31, 32, 33, 0, 34, 0, 0, 35,
    36, 0, 37
};

static const uint16_t unicode_list_8[] = {
    0x0, 0x1, 0x2, 0x3, 0x4, 0x6, 0xa, 0x13,
    0x1d17, 0x1d21, 0x1d22, 0x1d24, 0x1d25, 0x1d2a, 0x1d41, 0x1d44,
    0x1d51, 0x1d52, 0x1d67, 0x1d7d, 0x1da3, 0x1da5, 0x1dac, 0x1dbe,
    0x1dc5, 0x1de1, 0x1de2, 0x1de5, 0x1dfa, 0x1e01, 0x1e0d, 0x1e12,
    0x1e28, 0x1e31, 0x1e64, 0x1e65, 0x1e6a, 0x1e73, 0x1e96, 0x1ea2,
    0x1eb2, 0x1ebe, 0x1ef4, 0x1ef8, 0x1f73, 0x1fb0, 0x1fe6, 0x205a,
    0x205c, 0x205f, 0x207c, 0x207f, 0x208a, 0x20a4, 0x20b0, 0x20ce,
    0x20dd, 0x20e4, 0x2111, 0x2112, 0x211d, 0x211e, 0x212e, 0x2134,
    0x2140, 0x2147, 0x214d, 0x2164, 0x2181, 0x21b2, 0x21b6, 0x21b7,
    0x21b8, 0x21bf, 0x21c0, 0x21d0, 0x21ec, 0x2216, 0x222d, 0x2250,
    0x225e, 0x226a, 0x226c, 0x2299, 0x22a2, 0x22b6, 0x22d2, 0x22d9,
    0x22ed, 0x22fa, 0x2306, 0x2307, 0x230a, 0x230d, 0x230e, 0x2321,
    0x2323, 0x2324, 0x2325, 0x232e, 0x233d, 0x2346, 0x238a, 0x23a3,
    0x23d8, 0x257f, 0x25f5, 0x2611, 0x2614, 0x2615, 0x263f, 0x2647,
    0x2657, 0x2666, 0x26a2, 0x26f6, 0x2748, 0x274b, 0x2807, 0x281e,
    0x2824, 0x282d, 0x2831, 0x283e, 0x2840, 0x2841, 0x2848, 0x28e2,
    0x29a9, 0x2a67, 0x2a6e, 0x2a6f, 0x2a9a, 0x2aa0, 0x2ab1, 0x2ab6,
    0x2acd, 0x2ad0, 0x2add, 0x2ae9, 0x2b10, 0x2b15, 0x2b1d, 0x2b26,
    0x2b66, 0x2cfc, 0x2cfd, 0x2d05, 0x2d09, 0x2d3e, 0x2d45, 0x2d46,
    0x2d4f, 0x2d6c, 0x2d8a, 0x2d8d, 0x2da6, 0x2dab, 0x2dbd, 0x2e11,
    0x2e17, 0x2e19, 0x2e26, 0x2e37, 0x2e4e, 0x2e50, 0x2e51, 0x2e6a,
    0x2e79, 0x2e88, 0x2e9c, 0x2ea3, 0x2eae, 0x2ec0, 0x2ec1, 0x2eda,
    0x2edc, 0x2f02, 0x2f14, 0x2f18, 0x2f79, 0x2f86, 0x2fbf, 0x2fc1,
    0x2fdc, 0x300a, 0x3079, 0x3127, 0x312d, 0x314e, 0x3152, 0x3162,
    0x316a, 0x317e, 0x3182, 0x3195, 0x31ac, 0x31b3, 0x31b5, 0x31d3,
    0x31eb, 0x3200, 0x3218, 0x3219, 0x3220, 0x3256, 0x3285, 0x32bc,
    0x32be, 0x32c0, 0x32e6, 0x32e7, 0x32e9, 0x3324, 0x3333, 0x3351,
    0x33c4, 0x3446, 0x344d, 0x3455, 0x345f, 0x346e, 0x3487, 0x348b,
    0x349e, 0x34c4, 0x34c7, 0x34d0, 0x34e2, 0x34f7, 0x34fc, 0x350d,
    0x3525, 0x3537, 0x3546, 0x3555, 0x3559, 0x3585, 0x3587, 0x3599,
    0x35ad, 0x3609, 0x360b, 0x360f, 0x3617, 0x3620, 0x3624, 0x3636,
    0x3641, 0x3643, 0x3646, 0x3651, 0x3686, 0x3696, 0x36b3, 0x36fc,
    0x371e, 0x3738, 0x3753, 0x3763, 0x37c6, 0x37d7, 0x3833, 0x3894,
    0x3930, 0x3938, 0x3a38, 0x3a79, 0x3a7a, 0x3a7c, 0x3aeb, 0x3b91,
    0x3bec, 0x3c62, 0x3c9f, 0x3d08, 0x3d12, 0x3d1c, 0x3d1f, 0x3d40,
    0x3d97, 0x3da7, 0x3dad, 0x3de8, 0x3df8, 0x3eda, 0x3f87, 0x3fd0,
    0x3ffe, 0x4038, 0x403d, 0x404d, 0x407e, 0x40da, 0x415e, 0x415f,
    0x4170, 0x4180, 0x4190, 0x4203, 0x429e, 0x42c6, 0x4436, 0x443f,
    0x4448, 0x444c, 0x4452, 0x447c, 0x4487, 0x4594, 0x4595, 0x459b,
    0x45ef, 0x4605, 0x460b, 0x460f, 0x4622, 0x4636, 0x4637, 0x4718,
    0x474b, 0x4785, 0x47d1, 0x4851, 0x48d2, 0x48e9, 0x4907, 0x4912,
    0x4922, 0x4924, 0x4991, 0x49ae, 0x49e2, 0x4a06, 0x4a43, 0x4b92,
    0x4c12, 0x4c2b, 0x4c39, 0x4c51, 0x4c63, 0x4cb1, 0x4cf1, 0x4dbe,
    0x4dd6, 0x4de6, 0x4df3, 0x4df6, 0x4e0b, 0x4e1d, 0x4e40, 0x4e68,
    0x4e85, 0x4f18, 0x4f1c, 0x4f6b, 0x4fe3, 0x5014, 0x5028, 0x5101,
    0x510b, 0x5189, 0x5191, 0x5199, 0x5208, 0x5210, 0x528e, 0x52ce,
    0x52f3, 0x53f4, 0x5763, 0x5778, 0x577f, 0x57c2, 0x57d8, 0x57dc,
    0x57e6, 0x57f3, 0x5898, 0x58a2, 0x58dd, 0x58df, 0x58fa, 0x5917,
    0x5944, 0x597d, 0x5988, 0x59a4, 0x59b5, 0x59c4, 0x59d6, 0x5abb,
    0x5ad5, 0x5ad6, 0x5aec, 0x5afc, 0x5b04, 0x5b06, 0x5b0e, 0x5b12,
    0x5b1a, 0x5c3c, 0x5c3d, 0x5c5b, 0x5c8e, 0x5c9c, 0x5dc2, 0x5df9,
    0x5e14, 0x5e34, 0x5e7f, 0x5e83, 0x5e86, 0x5e94, 0x5ea8, 0x5eaa,
    0x5ebf, 0x5ed3, 0x5ede, 0x5ee7, 0x5ee8, 0x5eeb, 0x5ef2, 0x5ef5,
    0x5f14, 0x5f17, 0x5f1d, 0x5f20, 0x5f31, 0x5f37, 0x5f61, 0x5f6a,
    0x5f6c, 0x5f8f, 0x5fff, 0x6064, 0x60e4, 0x60e6, 0x639f, 0x63b6,
    0x640f, 0x6415, 0x6430, 0x6445, 0x6473, 0x64a2, 0x64aa, 0x6504,
    0x6505, 0x650b, 0x655b, 0x65a6, 0x65dd, 0x6612, 0x6617, 0x6669,
    0x6670, 0x6675, 0x6679, 0x670a, 0x6753, 0x678c, 0x6791, 0x6792,
    0x679b, 0x67a8, 0x67b3, 0x67f5, 0x69a3, 0x69ef, 0xce18, 0xce1f,
    0xce20, 0xce23, 0xce31, 0xce36, 0xce75
};

/*Collect the unicode lists and glyph_id offsets*/
static const lv_font_fmt_txt_cmap_t cmaps[] =
{
    {
        .range_start = 32, .range_length = 64, .glyph_id_start = 1,
        .unicode_list = NULL, .glyph_id_ofs_list = glyph_id_ofs_list_0, .list_length = 64, .type = LV_FONT_FMT_TXT_CMAP_FORMAT0_FULL
    },
    {
        .range_start = 97, .range_length = 26, .glyph_id_start = 54,
        .unicode_list = NULL, .glyph_id_ofs_list = NULL, .list_length = 0, .type = LV_FONT_FMT_TXT_CMAP_FORMAT0_TINY
    },
    {
        .range_start = 160, .range_length = 93, .glyph_id_start = 80,
        .unicode_list = unicode_list_2, .glyph_id_ofs_list = NULL, .list_length = 32, .type = LV_FONT_FMT_TXT_CMAP_SPARSE_TINY
    },
    {
        .range_start = 1040, .range_length = 28, .glyph_id_start = 112,
        .unicode_list = NULL, .glyph_id_ofs_list = glyph_id_ofs_list_3, .list_length = 28, .type = LV_FONT_FMT_TXT_CMAP_FORMAT0_FULL
    },
    {
        .range_start = 1069, .range_length = 35, .glyph_id_start = 138,
        .unicode_list = NULL, .glyph_id_ofs_list = NULL, .list_length = 0, .type = LV_FONT_FMT_TXT_CMAP_FORMAT0_TINY
    },
    {
        .range_start = 8217, .range_length = 4219, .glyph_id_start = 173,
        .unicode_list = unicode_list_5, .glyph_id_ofs_list = NULL, .list_length = 55, .type = LV_FONT_FMT_TXT_CMAP_SPARSE_TINY
    },
    {
        .range_start = 12449, .range_length = 51, .glyph_id_start = 228,
        .unicode_list = NULL, .glyph_id_ofs_list = glyph_id_ofs_list_6, .list_length = 51, .type = LV_FONT_FMT_TXT_CMAP_FORMAT0_FULL
    },
    {
        .range_start = 12501, .range_length = 19, .glyph_id_start = 266,
        .unicode_list = NULL, .glyph_id_ofs_list = NULL, .list_length = 0, .type = LV_FONT_FMT_TXT_CMAP_FORMAT0_TINY
    },
    {
        .range_start = 12521, .range_length = 52854, .glyph_id_start = 285,
        .unicode_list = unicode_list_8, .glyph_id_ofs_list = NULL, .list_length = 477, .type = LV_FONT_FMT_TXT_CMAP_SPARSE_TINY
    }
};

/*-----------------
 *    KERNING
 *----------------*/


/*Pair left and right glyphs for kerning*/
static const uint16_t kern_pair_glyph_ids[] =
{
    3, 71,
    3, 72,
    4, 71,
    4, 72,
    5, 63,
    8, 173,
    8, 174,
    8, 175,
    10, 173,
    10, 174,
    10, 175,
    24, 8,
    24, 26,
    24, 30,
    24, 33,
    24, 38,
    24, 43,
    24, 44,
    24, 45,
    24, 46,
    24, 48,
    24, 49,
    24, 73,
    24, 75,
    24, 76,
    24, 78,
    24, 173,
    24, 174,
    24, 175,
    25, 43,
    25, 48,
    26, 23,
    26, 26,
    26, 30,
    26, 38,
    26, 40,
    27, 8,
    27, 10,
    27, 24,
    27, 43,
    27, 47,
    27, 49,
    27, 177,
    28, 24,
    28, 33,
    28, 43,
    28, 46,
    28, 47,
    29, 8,
    29, 10,
    29, 24,
    29, 33,
    29, 42,
    29, 43,
    29, 54,
    29, 59,
    29, 177,
    30, 43,
    30, 45,
    30, 78,
    33, 8,
    33, 10,
    33, 24,
    33, 33,
    33, 54,
    33, 92,
    33, 93,
    33, 177,
    34, 8,
    34, 26,
    34, 30,
    34, 33,
    34, 38,
    34, 40,
    34, 47,
    34, 49,
    34, 56,
    34, 57,
    34, 58,
    34, 60,
    34, 68,
    34, 70,
    34, 73,
    34, 75,
    34, 76,
    34, 78,
    34, 97,
    34, 98,
    34, 99,
    34, 100,
    34, 104,
    34, 105,
    35, 23,
    35, 24,
    35, 26,
    35, 30,
    35, 33,
    35, 38,
    35, 40,
    35, 43,
    35, 44,
    35, 45,
    35, 46,
    35, 48,
    35, 49,
    35, 73,
    35, 75,
    35, 76,
    35, 78,
    35, 173,
    35, 174,
    35, 175,
    38, 8,
    38, 10,
    38, 24,
    38, 33,
    38, 43,
    38, 47,
    38, 48,
    38, 49,
    38, 177,
    39, 8,
    39, 10,
    39, 24,
    39, 30,
    39, 33,
    39, 46,
    39, 47,
    39, 54,
    39, 56,
    39, 57,
    39, 58,
    39, 60,
    39, 68,
    39, 70,
    39, 92,
    39, 93,
    39, 97,
    39, 98,
    39, 99,
    39, 104,
    39, 105,
    39, 177,
    40, 8,
    40, 10,
    40, 24,
    40, 43,
    40, 47,
    40, 48,
    40, 49,
    40, 177,
    41, 26,
    41, 30,
    41, 33,
    41, 38,
    41, 40,
    41, 43,
    41, 48,
    41, 56,
    41, 57,
    41, 58,
    41, 60,
    41, 68,
    41, 70,
    41, 97,
    41, 98,
    41, 99,
    41, 104,
    41, 105,
    42, 73,
    42, 75,
    42, 76,
    42, 78,
    43, 8,
    43, 10,
    43, 22,
    43, 24,
    43, 26,
    43, 30,
    43, 33,
    43, 38,
    43, 40,
    43, 43,
    43, 45,
    43, 46,
    43, 47,
    43, 48,
    43, 54,
    43, 56,
    43, 57,
    43, 58,
    43, 59,
    43, 60,
    43, 66,
    43, 67,
    43, 68,
    43, 69,
    43, 70,
    43, 71,
    43, 72,
    43, 74,
    43, 75,
    43, 76,
    43, 77,
    43, 78,
    43, 79,
    43, 92,
    43, 93,
    43, 97,
    43, 98,
    43, 99,
    43, 100,
    43, 104,
    43, 105,
    43, 108,
    43, 109,
    43, 111,
    43, 173,
    43, 175,
    43, 177,
    44, 24,
    45, 8,
    45, 10,
    45, 24,
    45, 26,
    45, 30,
    45, 33,
    45, 38,
    45, 40,
    45, 42,
    45, 43,
    45, 54,
    45, 56,
    45, 57,
    45, 58,
    45, 60,
    45, 66,
    45, 67,
    45, 68,
    45, 69,
    45, 70,
    45, 71,
    45, 72,
    45, 74,
    45, 92,
    45, 93,
    45, 97,
    45, 98,
    45, 99,
    45, 104,
    45, 105,
    45, 108,
    45, 109,
    45, 111,
    45, 177,
    46, 8,
    46, 10,
    46, 24,
    46, 43,
    46, 54,
    46, 56,
    46, 57,
    46, 58,
    46, 60,
    46, 68,
    46, 70,
    46, 92,
    46, 93,
    46, 97,
    46, 98,
    46, 99,
    46, 104,
    46, 105,
    46, 177,
    47, 8,
    47, 10,
    47, 26,
    47, 30,
    47, 33,
    47, 38,
    47, 40,
    47, 43,
    47, 177,
    48, 8,
    48, 10,
    48, 24,
    48, 26,
    48, 30,
    48, 33,
    48, 38,
    48, 40,
    48, 42,
    48, 43,
    48, 54,
    48, 56,
    48, 57,
    48, 58,
    48, 59,
    48, 60,
    48, 66,
    48, 67,
    48, 68,
    48, 69,
    48, 70,
    48, 71,
    48, 72,
    48, 74,
    48, 92,
    48, 93,
    48, 97,
    48, 98,
    48, 99,
    48, 104,
    48, 105,
    48, 108,
    48, 109,
    48, 111,
    48, 177,
    49, 33,
    49, 43,
    49, 78,
    50, 63,
    55, 54,
    55, 59,
    55, 77,
    55, 92,
    55, 93,
    56, 33,
    56, 43,
    56, 48,
    58, 3,
    58, 4,
    59, 6,
    59, 8,
    59, 9,
    59, 10,
    59, 22,
    59, 23,
    59, 52,
    59, 55,
    59, 61,
    59, 73,
    59, 75,
    59, 76,
    59, 77,
    59, 78,
    59, 173,
    59, 174,
    59, 175,
    59, 177,
    60, 63,
    63, 63,
    64, 8,
    64, 9,
    64, 10,
    64, 22,
    64, 56,
    64, 57,
    64, 58,
    64, 60,
    64, 68,
    64, 70,
    64, 73,
    64, 97,
    64, 98,
    64, 99,
    64, 104,
    64, 105,
    64, 177,
    67, 3,
    67, 4,
    68, 3,
    68, 4,
    68, 54,
    68, 59,
    68, 77,
    68, 92,
    68, 93,
    68, 173,
    68, 174,
    68, 175,
    69, 54,
    69, 59,
    69, 77,
    69, 92,
    69, 93,
    69, 173,
    69, 174,
    69, 175,
    70, 63,
    71, 8,
    71, 9,
    71, 10,
    71, 22,
    71, 56,
    71, 57,
    71, 58,
    71, 59,
    71, 60,
    71, 66,
    71, 67,
    71, 68,
    71, 70,
    71, 72,
    71, 73,
    71, 75,
    71, 76,
    71, 77,
    71, 78,
    71, 79,
    71, 97,
    71, 98,
    71, 99,
    71, 104,
    71, 105,
    71, 173,
    71, 174,
    71, 175,
    71, 177,
    73, 9,
    73, 23,
    73, 56,
    73, 57,
    73, 58,
    73, 60,
    73, 68,
    73, 70,
    73, 77,
    73, 97,
    73, 98,
    73, 99,
    73, 104,
    73, 105,
    74, 3,
    74, 4,
    75, 8,
    75, 10,
    75, 54,
    75, 56,
    75, 57,
    75, 58,
    75, 60,
    75, 68,
    75, 70,
    75, 92,
    75, 93,
    75, 97,
    75, 98,
    75, 99,
    75, 104,
    75, 105,
    75, 177,
    76, 8,
    76, 10,
    76, 56,
    76, 57,
    76, 58,
    76, 60,
    76, 68,
    76, 70,
    76, 97,
    76, 98,
    76, 99,
    76, 104,
    76, 105,
    76, 177,
    77, 56,
    77, 57,
    77, 58,
    77, 60,
    77, 68,
    77, 70,
    77, 97,
    77, 98,
    77, 99,
    77, 104,
    77, 105,
    78, 3,
    78, 4,
    78, 8,
    78, 10,
    78, 23,
    78, 56,
    78, 57,
    78, 58,
    78, 59,
    78, 60,
    78, 68,
    78, 70,
    78, 73,
    78, 97,
    78, 98,
    78, 99,
    78, 104,
    78, 105,
    78, 177,
    104, 54,
    104, 59,
    104, 77,
    105, 54,
    105, 59,
    105, 77,
    173, 8,
    173, 10,
    173, 24,
    173, 33,
    173, 43,
    173, 54,
    173, 56,
    173, 57,
    173, 58,
    173, 60,
    173, 68,
    173, 70,
    173, 72,
    173, 173,
    173, 177,
    174, 8,
    174, 10,
    174, 24,
    174, 33,
    174, 43,
    174, 56,
    174, 57,
    174, 58,
    174, 60,
    174, 72,
    174, 177,
    175, 8,
    175, 10,
    175, 24,
    175, 43,
    175, 56,
    175, 57,
    175, 58,
    175, 60,
    175, 68,
    175, 72,
    175, 177,
    177, 173,
    177, 174,
    177, 175
};

/* Kerning between the respective left and right glyphs
 * 4.4 format which needs to scaled with `kern_scale`*/
static const int8_t kern_pair_values[] =
{
    -6, -8, -6, -8, 28, -24, -24, -24,
    -23, -24, -23, 8, -3, -3, 11, -3,
    -17, -3, -14, -9, -18, 7, -3, -5,
    -3, -4, -23, -18, -23, -11, -8, 0,
    -6, -6, -3, -6, -15, -15, -4, -11,
    -6, -6, -15, 1, 8, 0, 3, 1,
    -18, -18, -16, -8, -3, 2, -9, 1,
    -18, -6, -3, -3, -12, -12, -4, -8,
    -3, -3, -3, -12, 5, -11, -11, 11,
    -11, -11, 4, 5, -3, -3, -3, -3,
    -3, -3, -6, -9, -6, -11, -3, -3,
    -3, -6, -3, -3, -12, 7, -8, -8,
    12, -8, -8, -13, -3, -14, -6, -15,
    7, -3, -12, -8, -9, -15, -17, -14,
    -11, -11, -3, -1, -11, -4, -3, -6,
    -11, -38, -38, -19, -1, -15, 5, -7,
    -8, -9, -9, -9, -9, -9, -9, -8,
    -8, -9, -9, -9, -9, -9, -38, -11,
    -15, -3, -11, -4, -1, -6, -15, -3,
    -3, 7, -2, -2, -6, -5, -6, -6,
    -7, -7, -7, -6, -8, -8, -8, -7,
    -7, -8, -6, -3, -6, -15, -21, -3,
    -18, -11, -11, -13, -11, -11, 5, 5,
    5, -1, 3, -26, -25, -25, -25, -11,
    -25, -21, -21, -25, -21, -25, -21, -18,
    -21, -12, -13, -21, -13, -15, -26, -26,
    -25, -25, -25, -3, -25, -25, -21, -21,
    -21, 5, 5, -21, -5, -24, -27, -14,
    -5, -5, -8, -1, -5, -3, 5, -17,
    -15, -15, -15, -15, -9, -9, -15, -9,
    -15, -9, -8, -9, -17, -17, -15, -15,
    -15, -15, -15, -9, -9, -9, -27, -14,
    -15, -9, 5, -9, -6, -6, -6, -6,
    -6, -6, -9, -9, -6, -6, -6, -6,
    -6, -15, 8, 7, -3, -3, 11, -3,
    -3, 4, 7, -21, -23, -19, -5, -5,
    -8, -5, -5, -3, 5, -24, -21, -21,
    -21, -3, -21, -17, -17, -21, -17, -21,
    -17, -16, -17, -24, -24, -21, -21, -21,
    -21, -21, -17, -17, -17, -23, 10, 5,
    -6, 28, -3, -1, -3, -3, -3, 8,
    -12, -9, -12, -12, 17, -15, -12, -15,
    10, 8, 17, 2, 2, 4, 5, 5,
    2, 4, 10, 11, 10, -15, 6, 4,
    10, -16, 10, 10, -5, -3, -5, -5,
    -5, -3, -2, -5, -5, -5, -5, -5,
    10, -12, -12, -17, -17, -3, -4, -3,
    -3, -3, -15, -9, -15, -3, -4, -3,
    -3, -3, -14, -6, -14, 12, -19, -15,
    -20, 10, -3, -3, -3, 5, -3, 0,
    0, -3, -3, 2, 7, 10, 10, 7,
    10, 5, -3, -3, -3, -3, -3, 14,
    19, 14, -20, -13, -6, -3, -3, -2,
    -2, -2, -2, 3, -2, -2, -2, -2,
    -2, -8, -8, -14, -15, -4, -1, -2,
    -1, -1, -1, -2, -4, -4, -1, -1,
    -1, -1, -1, -15, -11, -12, -1, -1,
    -1, -1, -1, -1, -1, -1, -1, -1,
    -1, -12, -2, -2, -2, -2, -2, -2,
    -2, -2, -2, -2, -2, 3, 3, -12,
    -15, -9, -1, -1, -1, 0, -1, -1,
    -1, 1, -1, -1, -1, -1, -1, -15,
    -3, -3, -3, -3, -3, -3, -12, -12,
    -20, -19, 10, -12, -23, -19, -19, -19,
    -19, -17, -14, -20, -12, -12, -12, -26,
    -19, 10, -15, -15, -15, -17, -9, -12,
    -12, -12, -18, 10, -4, -19, -19, -19,
    -19, -15, -12, -23, -24, -23
};

/*Collect the kern pair's data in one place*/
static const lv_font_fmt_txt_kern_pair_t kern_pairs =
{
    .glyph_ids = kern_pair_glyph_ids,
    .values = kern_pair_values,
    .pair_cnt = 542,
    .glyph_ids_size = 1
};

/*--------------------
 *  ALL CUSTOM DATA
 *--------------------*/

#if LV_VERSION_CHECK(8, 0, 0)
/*Store all the custom data of the font*/
static  lv_font_fmt_txt_glyph_cache_t cache;
static const lv_font_fmt_txt_dsc_t font_dsc = {
#else
static lv_font_fmt_txt_dsc_t font_dsc = {
#endif
    .glyph_bitmap = glyph_bitmap,
    .glyph_dsc = glyph_dsc,
    .cmaps = cmaps,
    .kern_dsc = &kern_pairs,
    .kern_scale = 16,
    .cmap_num = 9,
    .bpp = 1,
    .kern_classes = 0,
    .bitmap_format = 0,
#if LV_VERSION_CHECK(8, 0, 0)
    .cache = &cache
#endif
};


/*-----------------
 *  PUBLIC FONT
 *----------------*/

/*Initialize a public general font descriptor*/
#if LV_VERSION_CHECK(8, 0, 0)
const lv_font_t Font_MicrosoftYaHei_14 = {
#else
lv_font_t Font_MicrosoftYaHei_14 = {
#endif
    .get_glyph_dsc = lv_font_get_glyph_dsc_fmt_txt,    /*Function pointer to get glyph's data*/
    .get_glyph_bitmap = lv_font_get_bitmap_fmt_txt,    /*Function pointer to get glyph's bitmap*/
    .line_height = 19,          /*The maximum line height required by the font*/
    .base_line = 4,             /*Baseline measured from the bottom of the line*/
#if !(LVGL_VERSION_MAJOR == 6 && LVGL_VERSION_MINOR == 0)
    .subpx = LV_FONT_SUBPX_NONE,
#endif
#if LV_VERSION_CHECK(7, 4, 0) || LVGL_VERSION_MAJOR >= 8
    .underline_position = -2,
    .underline_thickness = 1,
#endif
    .dsc = &font_dsc           /*The custom font data. Will be accessed by `get_glyph_bitmap/dsc` */
};



#endif /*#if FONT_MICROSOFTYAHEI_14*/

